,score,branin,currin,candidate,best_f,model,step,restart,log_hv,non_dominated,Pareto-Front
0,0.0,-17.508022884640763,-1.1801100794666848,[[0. 1.]],-9.313260477630674,Independent,0,0,1.7734947610688778,True,True
1,2.3799765716793417,-25.837811291313535,-1.275557689505447,[[0.         0.90440353]],-9.31144663366308,Independent,1,0,1.7557235285575243,False,False
2,2.378594194099561,-37.124526949170786,-1.3744461622889979,[[0.         0.81651665]],-9.311148578162895,Independent,2,0,1.7557340647136206,False,False
3,2.367053015717906,-3.6078230343855835,-3.955387788960622,[[0.07768529 1.        ]],-9.310659394305699,Independent,3,0,1.7558220188811293,False,False
4,30.778075447586897,-8.174984188367262,-2.5850109667266215,[[0.0353574 1.       ]],-7.564862502973279,Independent,4,0,1.4560932728338276,True,True
5,43.588000527020114,-1.2000477396717402,-4.802820020716596,[[0.09763826 0.9001111 ]],-7.565073112711807,Independent,5,0,1.1978900237157304,True,True
6,46.458657425051946,-2.1052861762018997,-4.3645561905735075,[[0.08605239 0.94198512]],-6.0022060790135265,Independent,6,0,1.110638904783201,False,False
7,47.134961200405435,-12.544123770773545,-1.8567958350005513,[[0.01663969 1.        ]],-6.004450920674502,Independent,7,0,1.087254464679444,True,True
8,50.728518519930134,-0.6737690405826467,-5.292632302667695,[[0.11510556 0.86874988]],-6.0042360930517065,Independent,8,0,0.936091317857714,False,False
9,51.09653735161622,-1.2944284102536026,-5.070648014647814,[[0.11158454 0.90529528]],-5.966413926292319,Independent,9,0,0.9171683092919465,False,False
10,51.101556644611875,-5.352111259739048,-3.207830627213858,[[0.05285843 1.        ]],-5.9699091404718185,Independent,10,0,0.9169044390116793,False,False
11,53.21309706019889,-0.4454789309755594,-5.495773849141567,[[0.11734141 0.83397221]],-5.967035719653907,Independent,11,0,0.7886647454406794,False,False
12,53.33956014158604,-14.962748738108688,-1.5121725591969748,[[0.00811576 1.        ]],-5.938039917999497,Independent,12,0,0.7796367883877908,True,True
13,54.20731444649736,-1.595393909433377,-4.588229366262737,[[0.09114898 0.91568429]],-5.939023738993872,Independent,13,0,0.7120436487492167,True,True
14,54.320685322220285,-0.8088483415890205,-5.0636167204797475,[[0.10510316 0.87606394]],-5.938554861820105,Independent,14,0,0.7023817123195867,True,True
15,54.410613652640905,-4.185337034569486,-3.56753860795768,[[0.06324729 0.9903051 ]],-5.872278349053909,Independent,15,0,0.6945617757404917,True,True
16,54.8658120604728,-10.961068579919287,-10.18091593978644,[[1. 0.]],-5.87302559978362,Independent,16,0,0.6526627050324534,False,False
17,54.86776941626759,-0.4310318988343756,-5.591691112454354,[[0.12256082 0.83325657]],-5.8735983231283315,Independent,17,0,0.6524735203496764,False,False
18,54.86933831340954,-6.695013705385523,-2.8850860734712995,[[0.04355381 1.        ]],-5.8762118601554505,Independent,18,0,0.6523218219113878,True,True
19,55.34600457863445,-53.65188680055012,-6.257239981041064,[[0.4261134  0.70076355]],-5.873768164136636,Independent,19,0,0.6035897205965443,False,False
20,55.35111703249666,-18.831830498208642,-9.911090622957596,[[0.26052734 0.38620789]],-5.873777151665024,Independent,20,0,0.6030362421641388,False,False
21,55.34856082793472,-2.795118118329143,-4.068156998813313,[[0.07663874 0.95567151]],-5.872351448919108,Independent,21,0,0.6033130671299038,True,True
22,55.59936708745765,-18.888525731727764,-6.628556884399534,[[1.         0.47463603]],-5.873000785938257,Independent,22,0,0.5752746560167156,False,False
23,55.59599855001733,-91.85737070314875,-5.378924791597916,[[0.39464976 0.89103476]],-5.876020097669203,Independent,23,0,0.5756634831880959,False,False
24,55.58795929278319,-2.4171648620010058,-4.218859048841226,[[0.08078093 0.94441529]],-5.87526525639079,Independent,24,0,0.5765900428540738,True,True
25,55.64840693204477,-0.6046752066911842,-5.249780904385553,[[0.11078431 0.85997403]],-5.873806047054618,Independent,25,0,0.5695742495229154,True,True
26,55.67107212507271,-0.9904358060209489,-4.93444438449399,[[0.1012986  0.88788432]],-5.856052868231137,Independent,26,0,0.566914144043912,True,True
27,55.69809400985234,-0.4369120631327379,-5.541549324681229,[[0.12083901 0.83722366]],-5.854005975084345,Independent,27,0,0.5637212738539755,True,True
28,55.69781331713355,-1.8300254475159563,-4.474410301441993,[[0.08796441 0.92492042]],-5.855378857917003,Independent,28,0,0.5637545610750878,True,True
29,55.73995080151735,-0.4826301326657253,-5.436816101365474,[[0.11752746 0.84711385]],-5.852810913404151,Independent,29,0,0.5587287188295672,False,False
30,55.72653442492246,-4.757656078322563,-3.3789505173924095,[[0.05812262 1.        ]],-5.856934349806449,Independent,30,0,0.5603352432182985,True,True
31,55.84614422428423,-2.2301215045167493,-4.297430929350747,[[0.08291189 0.93812042]],-5.8559690518436085,Independent,31,0,0.545798608623263,True,True
32,55.86917456053658,-0.4181912219579878,-5.612155742822248,[[0.12279216 0.82967064]],-5.855791609154571,Independent,32,0,0.5429429055382694,False,False
33,55.86966872843527,-3.5257180317330565,-3.7935478166438648,[[0.06923524 0.97411414]],-5.857211101425103,Independent,33,0,0.5428814237237524,True,True
34,55.97451131256791,-3.156888066634946,-3.931104933311908,[[0.07288894 0.96518655]],-5.8560898582058805,Independent,34,0,0.5296365998995656,True,True
35,56.03240746139639,-2.6064996250932637,-4.14142773042522,[[0.07864479 0.94994305]],-5.8544256211354115,Independent,35,0,0.5221456398002373,True,True
36,56.03629291574936,-1.3926475698555245,-4.6947537568028,[[0.09432091 0.90813566]],-5.856243219760785,Independent,36,0,0.521638258860579,True,True
37,56.07712776381553,-0.6798011837833727,-5.175665231804936,[[0.10848421 0.86679431]],-5.856287608936191,Independent,37,0,0.5162696901523998,True,True
38,56.08819894133398,-1.7058289675212583,-4.534971742548552,[[0.08961566 0.9198278 ]],-5.854801177429654,Independent,38,0,0.514802650850444,True,True
39,56.0768845962419,-0.41188664178342116,-5.6200352092495445,[[0.12288353 0.82833608]],-5.853701344860964,Independent,39,0,0.5163018566813409,False,False
40,56.07956708420626,-0.892199265139606,-5.000815321412831,[[0.10328956 0.8817195 ]],-5.854003846418455,Independent,40,0,0.5159468817269317,True,True
41,56.09583873298511,-125.27207535901512,-12.639595382765966,[[0.12989672 0.05911291]],-5.856460652333882,Independent,41,0,0.5137874062258051,False,False
42,56.093271965989814,-56.68224686122759,-6.116414765612769,[[0.53267989 0.65939546]],-5.854652231933951,Independent,42,0,0.5141287662496391,False,False
43,56.09223069597112,-0.7213026191023576,-5.13876838060217,[[0.10730578 0.86996025]],-5.853249743092716,Independent,43,0,0.5142671705884561,True,True
44,56.093935390504456,-0.44194148949054574,-5.5934214437641705,[[0.12314194 0.83428201]],-5.853896356321991,Independent,44,0,0.5140405616644325,False,False
45,56.1006409751646,-0.836502869149124,-5.043271496580102,[[0.10434248 0.87756469]],-5.856908022735575,Independent,45,0,0.5131480239178133,True,True
46,56.1106860117583,-13.7398290338774,-1.6814647505982485,[[0.01231408 1.        ]],-5.85392052510914,Independent,46,0,0.5118075515239902,True,True
47,56.318120615750715,-80.78164638440684,-5.577487859655494,[[0.38444887 0.85648324]],-5.852417943382939,Independent,47,0,0.483158943162127,False,False
48,56.303259991338216,-40.40680862233023,-7.415309110395235,[[0.80501352 0.40470947]],-5.855556019981225,Independent,48,0,0.4852753725418271,False,False
49,56.31497560526485,-0.40314491470460756,-5.625150114307412,[[0.12238376 0.82565278]],-5.854878896212157,Independent,49,0,0.48360771238205097,False,False
50,56.306644368740976,-82.28808586418837,-11.06148594358686,[[0.12142221 0.2210209 ]],-5.85354415055176,Independent,50,0,0.48479428041543093,False,False
51,56.29689773335195,-0.481022525487541,-5.679161399340967,[[0.12061087 0.80849532]],-5.855556030780752,Independent,51,0,0.4861783328410013,False,False
52,56.31718966852815,-18.273907801005166,-9.073061998275504,[[0.29675622 0.44175655]],-5.856627888142387,Independent,52,0,0.48329183061688186,False,False
53,56.310459390611015,-10.288812312577333,-2.210359012966397,[[0.02557986 1.        ]],-5.855552288076232,Independent,53,0,0.4842513320766193,True,True
54,57.15264997812005,-1.9628451861454932,-4.41360529717997,[[0.08621504 0.92961215]],-5.857264558533244,Independent,54,0,0.3438945682538966,True,True
55,57.180042656110764,-0.4105206828431043,-5.6857373903842765,[[0.12265095 0.81422625]],-5.855126522820225,Independent,55,0,0.3384716523225403,False,False
56,57.15297742120934,-1.094889462424881,-4.864601634151684,[[0.09920985 0.89347152]],-5.853959476217612,Independent,56,0,0.3438301427558711,True,True
57,57.17387694621052,-7.420619744383174,-2.732151960426472,[[0.03934426 1.        ]],-5.853969906309136,Independent,57,0,0.3396981940590378,True,True
58,57.29327268520242,-9.213323903138741,-2.3940448275269244,[[0.03034058 1.        ]],-5.853184500753625,Independent,58,0,0.3153081320346945,True,True
59,57.48994098873702,-0.4038258193854956,-5.683196389485665,[[0.12294984 0.81606897]],-5.855324783347017,Independent,59,0,0.2718828880831256,False,False
60,57.50090320735881,-0.40124208371930403,-5.6796373875594695,[[0.12311881 0.81719232]],-5.855271763134838,Independent,60,0,0.26932974102473767,False,False
61,57.49368228900504,-16.224737029834113,-1.3444983197105305,[[0.00400431 1.        ]],-5.855415907235374,Independent,61,0,0.2710132095404581,False,False
62,57.7051268590998,-0.39953060227096854,-5.6834575372291205,[[0.12328222 0.81698492]],-5.85362800631806,Independent,62,0,0.21879586982152638,False,False
63,57.70924229873596,-3.8539472746736143,-3.6807512543365513,[[0.06623634 0.98260034]],-5.8531637179589096,Independent,63,0,0.21771457228373875,True,True
64,57.75210058960686,-0.39813196647230487,-5.685836649461701,[[0.12369383 0.81738929]],-5.856011457144138,Independent,64,0,0.20629094885249866,False,False
65,57.75806650461415,-16.86432580909248,-1.2624476988005804,[[0.00198349 1.        ]],-5.8551483294915,Independent,65,0,0.2046766746311439,True,True
66,57.80163315743624,-0.3967690996070523,-5.686692993867845,[[0.12372699 0.81753012]],-5.855009706719206,Independent,66,0,0.19270279142302335,False,False
67,57.80817921221815,-139.64655456806375,-6.516763077204967,[[0.04564768 0.24836165]],-5.858192737033434,Independent,67,0,0.19087479714536745,False,False
68,57.79935742932856,-54.22089174342097,-6.306880634538055,[[0.84994242 0.53321042]],-5.856177236569926,Independent,68,0,0.1933364933152854,False,False
69,57.7977525158783,-4.47721635432112,-3.471861220219846,[[0.06091386 0.99884026]],-5.856156256141377,Independent,69,0,0.19378284403589777,True,True
70,57.82554672266711,-6.004857249704787,-3.04202960257003,[[0.0480223 1.       ]],-5.8530979508448375,Independent,70,0,0.18598727710459656,True,True
71,57.93858566027285,-11.399477696349814,-2.0335537395300833,[[0.02102279 1.        ]],-5.855880146017827,Independent,71,0,0.15275697302701785,False,False
72,58.14702035505228,-20.168266192649043,-10.53094655339951,[[0.77064821 0.0102623 ]],-5.855193899759706,Independent,72,0,0.08389602763940811,False,False
73,58.142443929507365,-0.401563412568175,-5.661790025195368,[[0.12264763 0.81883504]],-5.853181606690533,Independent,73,0,0.08553132516435859,False,False
74,58.14821460861712,-1.890650809501062,-4.449196488354935,[[0.0869406  0.92532583]],-5.8558661002123875,Independent,74,0,0.08346826909653726,True,True
75,58.1443071353038,-0.5227373615838358,-5.35988002956542,[[0.11329967 0.84697087]],-5.855611007742211,Independent,75,0,0.08486628742809695,False,False
76,58.14743952799438,-0.39897426723827556,-5.677908046173718,[[0.12333196 0.81787043]],-5.855832155228487,Independent,76,0,0.08374593597687782,False,False
77,58.15517968085237,-1.2955969892174932,-4.7475168648971895,[[0.09560922 0.90226934]],-5.85659094868624,Independent,77,0,0.08096508576863767,True,True
78,58.15730677263274,-1.3376586070225864,-4.72534246641764,[[0.09471331 0.90240962]],-5.855397499549373,Independent,78,0,0.08019774359230122,True,True
79,58.15596341695089,-0.39640277366820814,-5.669544324568273,[[0.12362076 0.82092096]],-5.856612584999284,Independent,79,0,0.08068251296872873,True,True
80,58.164844388930746,-1.4985467028060222,-4.637085415729083,[[0.09254986 0.91166024]],-5.85441557739931,Independent,80,0,0.07746760339963915,True,True
81,58.16570513508859,-63.906494859544665,-5.9631355236082175,[[0.42442976 0.75164468]],-5.855028957885814,Independent,81,0,0.07715474471096777,False,False
82,58.1698469924174,-0.3975974156863939,-5.665334188912978,[[0.12314462 0.81977573]],-5.856649317385201,Independent,82,0,0.0756461284261849,False,False
83,58.16765483392443,-26.627674996328473,-7.35702738064445,[[0.31181917 0.61800245]],-5.856004073030009,Independent,83,0,0.07644524569055307,False,False
84,58.16553837718427,-8.689096256658075,-2.489023361602912,[[0.03281199 1.        ]],-5.855129387958842,Independent,84,0,0.0772153744473577,True,True
85,58.21763906198857,-91.40994411890097,-5.710871295506193,[[0.68219454 0.66421456]],-5.8564028613296895,Independent,85,0,0.05784848704617453,False,False
86,58.21911095086859,-34.832151419052195,-12.584256735064699,[[0.31584127 0.1654688 ]],-5.854527777506252,Independent,86,0,0.05728861245834628,False,False
87,58.213842221400476,-20.68571554818725,-7.774330443599754,[[0.2934049  0.57731161]],-5.855971462174417,Independent,87,0,0.05928939929243369,False,False
88,58.21816166319263,-0.4000200648387783,-5.6675719254698675,[[0.12295177 0.81907969]],-5.855144865630298,Independent,88,0,0.057649783518124637,False,False
89,58.217234706708105,-5.792788037160325,-10.206052757822173,[[0.60259635 0.2009838 ]],-5.855304465778123,Independent,89,0,0.05800216872639479,False,False
90,58.21444530888962,-0.545216980642438,-5.327069695963698,[[0.11215387 0.84939167]],-5.854815910175162,Independent,90,0,0.05906084493614327,True,True
91,58.21571509843995,-0.3984337048798673,-5.66779714763844,[[0.12320461 0.8197383 ]],-5.855382129867133,Independent,91,0,0.05857923437918684,False,False
92,58.22195130973488,-5.461493379587738,-10.936569626064719,[[0.61455519 0.11402564]],-5.85388494373892,Independent,92,0,0.056206157014850204,False,False
93,58.21775331378187,-20.87280838660025,-5.3025295089016415,[[0.07585298 0.65472243]],-5.856121873600066,Independent,93,0,0.05780505397235264,False,False
94,58.21636718921106,-25.415783448919342,-9.244586950912973,[[0.7677366  0.23857304]],-5.8546129604285575,Independent,94,0,0.05833169922068027,False,False
95,58.22282785638649,-69.36638991255165,-6.347958014502929,[[0.75968867 0.54425857]],-5.854986459946407,Independent,95,0,0.05587156122152794,False,False
96,58.21798897517908,-6.346484514808437,-2.962530373918756,[[0.04574811 1.        ]],-5.856190095595114,Independent,96,0,0.05771545304485321,True,True
97,58.247288232055276,-14.345811378804393,-9.178148037119916,[[0.23859086 0.45438286]],-5.855623889780908,Independent,97,0,0.046429026598386346,False,False
98,58.24805231615406,-0.4174086401581168,-5.595841889199865,[[0.12001106 0.82317409]],-5.854240194418815,Independent,98,0,0.046130731865244023,False,False
99,58.239119098429896,-0.9458251063660086,-4.968011305733003,[[0.10163672 0.88176549]],-5.857515301956842,Independent,99,0,0.04960547709490392,True,True
100,0.0,-17.506547901876168,-1.181726516839517,[[0. 1.]],-9.310907423504226,Independent,0,1,1.7734947610688778,True,True
101,2.3626567208088476,-25.86509595235793,-1.2743652543007284,[[0.        0.9041437]],-9.310852179410013,Independent,1,1,1.755855517921063,False,False
102,2.371369515885253,-37.33193722082408,-1.3741362536200012,[[0.         0.81511722]],-9.311649635656849,Independent,2,1,1.755789125349731,False,False
103,2.3611856578789676,-3.6107075385404133,-3.9507635887208,[[0.07748396 1.        ]],-9.31255905585435,Independent,3,1,1.7558667266002912,False,False
104,30.832782167730898,-1.2744059431411787,-4.8168953269281145,[[0.10019642 0.91133059]],-7.562046392025741,Independent,4,1,1.4552612261893747,False,False
105,33.631521270401194,-6.175562668099631,-4.750113503791278,[[0.11450114 1.        ]],-6.087155794842009,Independent,5,1,1.4104161125202201,False,False
106,33.610610857809476,-8.762897459559733,-2.475229739697319,[[0.03245637 1.        ]],-6.0864847753001925,Independent,6,1,1.4107689334811802,True,True
107,46.525102854788614,-5.601723506814194,-3.141378234587411,[[0.05091821 1.        ]],-6.0880543809107674,Independent,7,1,1.1083964108044195,True,True
108,49.06672116324613,-10.960537479582037,-10.17940614080632,[[1. 0.]],-6.089516794891962,Independent,8,1,1.0125587478486202,False,False
109,49.08593486303827,-2.262717952290735,-4.28210903487665,[[0.08286698 0.94151791]],-6.090504557547373,Independent,9,1,1.0117473343884869,True,True
110,49.78935519625786,-0.5537258001903098,-5.311068420868734,[[0.11268945 0.85521375]],-6.088403374857699,Independent,10,1,0.9809465870322658,True,True
111,50.27281670357927,-2.9111765623228427,-4.02378797214495,[[0.07549539 0.95946704]],-5.864057458597509,Independent,11,1,0.9584349634370647,True,True
112,50.45660925243852,-4.326509626388258,-3.51916054281523,[[0.06195887 0.99274666]],-5.86491729898292,Independent,12,1,0.949561226243037,True,True
113,51.02934755079298,-105.45618830573142,-4.650948807267796,[[0.93621236 0.8258614 ]],-5.863387616915299,Independent,13,1,0.9206852068669007,False,False
114,51.02577025010319,-0.7591534078136151,-5.139319863399171,[[0.10916027 0.8780952 ]],-5.865039014172829,Independent,14,1,0.9208716564096392,False,False
115,51.10425241059376,-0.4941000306337062,-5.532874289846047,[[0.12199331 0.84311097]],-5.862814230597936,Independent,15,1,0.9167626531418341,False,False
116,51.11470617838066,-12.900656018683817,-1.802942267201443,[[0.01531795 1.        ]],-5.865524178248809,Independent,16,1,0.9162123910321497,True,True
117,54.244416797361644,-1.6763147607158975,-4.550027417685832,[[0.09043021 0.92125265]],-5.8652449553870225,Independent,17,1,0.7089052338774684,True,True
118,54.38741013295066,-10.7713142634939,-2.1324048770739035,[[0.02356432 1.        ]],-5.8638620382295805,Independent,18,1,0.6965930117579641,True,True
119,55.11948979499563,-0.5010532549448892,-5.518257000297261,[[0.11606946 0.82453999]],-5.863360915082874,Independent,19,1,0.6274302742474569,False,False
120,55.12700877627342,-22.579527285265623,-6.412194365920696,[[1.         0.50304976]],-5.8645081323566925,Independent,20,1,0.6266595512020621,False,False
121,55.134139242382744,-1.9356118079266793,-4.425586720326828,[[0.08639771 0.92746484]],-5.864206562446179,Independent,21,1,0.6259273866290488,True,True
122,55.15889136496892,-1.2946694083353731,-4.750234856564685,[[0.09542989 0.90050332]],-5.86482715617467,Independent,22,1,0.6233761875645265,True,True
123,55.183998618367866,-3.664570068875479,-3.7475176604783114,[[0.06792733 0.97740114]],-5.863648719699257,Independent,23,1,0.6207729830929052,True,True
124,55.305081098052305,-31.07578676278462,-7.174930327765162,[[0.57079547 0.4955178 ]],-5.861978037990197,Independent,24,1,0.6079948909473802,False,False
125,55.30901953987834,-0.43468006678077675,-5.6067434221946595,[[0.1232751  0.83251751]],-5.865174764619062,Independent,25,1,0.6075728789047523,False,False
126,55.34518119476934,-3.6669312388513124,-10.141643496202636,[[0.99216178 0.09185929]],-5.862186745344919,Independent,26,1,0.6036787948938969,False,False
127,55.35103364191884,-0.4690218510045511,-5.479442438769502,[[0.11914152 0.84420179]],-5.865271780469422,Independent,27,1,0.6030452757574613,False,False
128,55.35470037773154,-15.156385539314325,-1.4855680706592689,[[0.00747633 1.        ]],-5.863701641578353,Independent,28,1,0.6026478853899627,True,True
129,56.09916821626412,-4.938248370619308,-3.3252011890126636,[[0.0564 1.    ]],-5.8646084332958175,Independent,29,1,0.5133442107461998,True,True
130,56.23191972676624,-110.03566256856624,-2.8348451422017176,[[0.01180237 0.44881829]],-5.862393508551828,Independent,30,1,0.4952943758993863,False,False
131,56.231233437999265,-16.3223711966665,-1.331046577691355,[[0.00369926 1.        ]],-5.865646198976539,Independent,31,1,0.4953896443694415,True,True
132,56.41077942817772,-0.968374638282725,-4.949224053987095,[[0.1017434  0.88657873]],-5.864119509230175,Independent,32,1,0.4697247408607706,False,False
133,56.47304810833282,-5.183917275993666,-9.803727911792643,[[0.58213809 0.24248758]],-5.862752661060852,Independent,33,1,0.4604574102529244,False,False
134,56.478034704723804,-1.4728908727516912,-4.6510800622367015,[[0.09283973 0.90972589]],-5.865310790027505,Independent,34,1,0.4597066410487968,True,True
135,56.48234815808384,-138.15336068141832,-4.892413718505363,[[0.76935294 0.80129047]],-5.866438556503667,Independent,35,1,0.45905617000004045,False,False
136,56.49319894042864,-0.44954214520262703,-5.593067177034293,[[0.12319243 0.83484438]],-5.863616936238972,Independent,36,1,0.4574155452931513,False,False
137,56.49127518779223,-146.60435502057268,-4.717260876791764,[[0.60603765 0.90506295]],-5.865564720655848,Independent,37,1,0.45770686665078003,False,False
138,56.48704445708887,-3.510884292930666,-4.439008828895652,[[0.09595846 0.98772557]],-5.86473731200987,Independent,38,1,0.4583468560684622,False,False
139,56.491800979783555,-32.32914740522736,-7.0961402251929835,[[0.3324615  0.63923774]],-5.865608155518614,Independent,39,1,0.4576272633250328,False,False
140,56.49386831526078,-11.820932104282848,-1.9658096721550258,[[0.01937214 1.        ]],-5.8633727081227365,Independent,40,1,0.45731413340932847,True,True
141,56.67568341763199,-7.108366215414394,-2.7960886037905146,[[0.0411054 1.       ]],-5.865808289980908,Independent,41,1,0.4288529461244036,True,True
142,57.23928391208633,-35.5250035040652,-11.476109899916832,[[0.20366191 0.27972247]],-5.863086733200467,Independent,42,1,0.32650684845525135,False,False
143,57.23963822616863,-0.42144162954773173,-5.575306507324507,[[0.11952843 0.82589563]],-5.864919027478122,Independent,43,1,0.3264342876394979,False,False
144,57.24477028320105,-6.334815736738985,-2.965219270480753,[[0.04582011 1.        ]],-5.86668219111113,Independent,44,1,0.3253819197809733,True,True
145,57.3894806498202,-3.9891792916932585,-3.6335397185319716,[[0.06509739 0.98658857]],-5.864279282159322,Independent,45,1,0.2946068748626844,True,True
146,57.42617100494388,-0.4126415213991015,-5.587427168026053,[[0.12031417 0.82609378]],-5.8631995147320435,Independent,46,1,0.2864447350444182,True,True
147,57.42500509930706,-2.580456736229888,-4.153704694084755,[[0.078863   0.94851958]],-5.864958232934839,Independent,47,1,0.2867064762515863,True,True
148,57.463949060557425,-3.2847159260579706,-3.882978984912745,[[0.07162983 0.96852681]],-5.863166239125151,Independent,48,1,0.2778771997302188,True,True
149,57.51493482526322,-1.0975303297181693,-4.863824355407215,[[0.09886433 0.8916019 ]],-5.859176845768674,Independent,49,1,0.26603966206299073,True,True
150,57.52984985886974,-0.6137143985901914,-5.243613588659133,[[0.11021664 0.85959782]],-5.865766169876583,Independent,50,1,0.26251489780762716,True,True
151,57.5486369391065,-29.171670304889993,-12.37296976914739,[[0.41285382 0.02213833]],-5.854060978582419,Independent,51,1,0.2580339773202538,False,False
152,57.5361034170483,-0.4037176541808234,-5.616143585415146,[[0.12140999 0.82433425]],-5.856138143582982,Independent,52,1,0.26102848443864585,False,False
153,57.53556840084389,-91.9085697177292,-5.450484152203068,[[0.58970037 0.7490719 ]],-5.856950067120964,Independent,53,1,0.2611558520715089,False,False
154,57.54461027157968,-1.3667989511171386,-4.709166657865913,[[0.09428042 0.90407875]],-5.855834722473439,Independent,54,1,0.2589982810914851,True,True
155,57.54927863886327,-118.01378692914368,-5.100176861571331,[[0.79956527 0.74829151]],-5.855483673889225,Independent,55,1,0.2578801054819571,False,False
156,57.55171711411705,-1.8014060434971157,-4.4888495249949285,[[0.08815663 0.92241808]],-5.855845886794988,Independent,56,1,0.25729489090828966,True,True
157,57.55643935534269,-2.7343097056273864,-4.091033533733929,[[0.07712463 0.95239059]],-5.856609693947316,Independent,57,1,0.2561593435830338,True,True
158,57.56331855672764,-0.4056766304402445,-5.601598855901492,[[0.12131245 0.82648309]],-5.854742520436248,Independent,58,1,0.254499785312498,True,True
159,57.57411950814959,-0.40511525425633765,-5.608418966650662,[[0.12171114 0.82655937]],-5.854965767951312,Independent,59,1,0.25188126987468457,True,True
160,57.569317120245884,-3.807845825405457,-3.6974769665716716,[[0.06670854 0.98205657]],-5.8558309821630825,Independent,60,1,0.253047480629056,True,True
161,57.57634028393761,-0.4029324596439503,-5.615359361808559,[[0.12195005 0.82623292]],-5.856538411622482,Independent,61,1,0.25134091645532247,True,True
162,57.5709029764006,-0.8287671821896319,-5.049690452912128,[[0.10463111 0.87754055]],-5.85522457353146,Independent,62,1,0.25266271790583605,True,True
163,57.58019882638733,-169.97337816491367,-3.1604673277658786,[[0.00788233 0.2842865 ]],-5.856117325818379,Independent,63,1,0.250400464056188,False,False
164,57.593385687418845,-1.021498719379387,-4.923625681458001,[[0.09988076 0.88280031]],-5.85593819319976,Independent,64,1,0.24717093616212174,False,False
165,57.601922923060265,-0.4797497402521849,-5.66395812747884,[[0.1201525  0.81011341]],-5.854350097133665,Independent,65,1,0.24506724459931709,False,False
166,57.593945113248424,-3.465969214819368,-3.8187651468542887,[[0.06980199 0.97215845]],-5.85595040144092,Independent,66,1,0.2470333975438058,True,True
167,57.6072519658023,-0.6808286209521139,-5.184830754421397,[[0.10772712 0.86149857]],-5.8545279883214265,Independent,67,1,0.24374891115331987,False,False
168,57.616973900600115,-48.99748299440209,-5.807443339531928,[[0.26848456 0.89775399]],-5.853198620497229,Independent,68,1,0.2413334766722356,False,False
169,57.61433301083551,-1.5772336319658433,-4.598164274755932,[[0.09131698 0.91444966]],-5.855038342095544,Independent,69,1,0.24199094121208922,True,True
170,57.61751271824399,-0.4237361790085545,-5.659365502666205,[[0.12135533 0.81507992]],-5.854220928392503,Independent,70,1,0.2411992126129238,False,False
171,57.61976320114423,-1.200345943567464,-4.802113902373423,[[0.0971322  0.89741982]],-5.85604868654301,Independent,71,1,0.2406379819364825,True,True
172,57.614727479700235,-0.4159585479248676,-5.661514999275042,[[0.12167909 0.81603229]],-5.854065725501697,Independent,72,1,0.24189279915190273,False,False
173,57.62649929324429,-4.63282944338874,-3.4204721442544055,[[0.05939244 1.        ]],-5.854587052857557,Independent,73,1,0.2389537721810842,True,True
174,57.650393043825765,-0.4106473257044222,-5.6618073101139075,[[0.12186276 0.81651832]],-5.856054190423619,Independent,74,1,0.23292644113803246,False,False
175,57.65267326922073,-0.887607748748704,-5.005861048284711,[[0.10299526 0.87933508]],-5.8549340493410496,Independent,75,1,0.23234684509200662,True,True
176,57.655200768610115,-0.4670617108044738,-5.43550973988902,[[0.11645349 0.84317404]],-5.854171605202704,Independent,76,1,0.2317034908587421,True,True
177,57.657876417721084,-170.69597037291206,-4.471607311910809,[[0.59995886 0.9748698 ]],-5.8557011201189155,Independent,77,1,0.2310213862453983,False,False
178,57.65796815199725,-0.40516033537087,-5.656798426507972,[[0.12216493 0.81800445]],-5.854049193042296,Independent,78,1,0.23099798137363545,False,False
179,57.66306830891722,-16.910275699166224,-1.2544525104302529,[[0.00184464 1.        ]],-5.856962260343414,Independent,79,1,0.22969475061702552,True,True
180,57.707465476800664,-7.920510685681291,-2.635054491414504,[[0.03666146 1.        ]],-5.855141527996131,Independent,80,1,0.21818174776040408,True,True
181,57.84992912522934,-0.4051148931880321,-5.657887489702179,[[0.12223273 0.81850364]],-5.855014959075713,Independent,81,1,0.17903148189366402,False,False
182,57.84547113448749,-1.8648834991438032,-4.458720114625618,[[0.08734806 0.92503544]],-5.857534530091307,Independent,82,1,0.18031160510640468,True,True
183,57.84210144138027,-11.293454541586355,-2.0469588663152436,[[0.02144973 1.        ]],-5.858821196408034,Independent,83,1,0.18127672308832557,True,True
184,57.88615002562566,-1.6321835365956434,-6.402023052696235,[[0.1351772  0.72169933]],-5.854430783440977,Independent,84,1,0.1684882680887511,False,False
185,57.88787419976476,-1.2365971141444532,-4.782425523638896,[[0.09649496 0.8988186 ]],-5.857244918555831,Independent,85,1,0.1679799549893166,True,True
186,57.89101167083658,-0.40066867262807526,-5.6399511614017745,[[0.12240501 0.82289144]],-5.856642847710895,Independent,86,1,0.1670534510800158,False,False
187,57.89281505497425,-2.1048400337215565,-4.351836739038193,[[0.08445877 0.9342537 ]],-5.8552033177113385,Independent,87,1,0.1665200108094665,True,True
188,57.910081813407686,-0.7610404261379013,-5.10524976579318,[[0.10594819 0.87087887]],-5.857192625478151,Independent,88,1,0.16137906470363192,True,True
189,57.90943702855881,-68.35189980678086,-5.831789203145758,[[0.53895052 0.70416707]],-5.85519968167437,Independent,89,1,0.16157213858618336,False,False
190,57.90313675871823,-1.5203015242338467,-4.6255917464400875,[[0.092163   0.91224806]],-5.855741920817824,Independent,90,1,0.16345418340371018,True,True
191,57.9051703028698,-0.39915624625915597,-5.643203056618023,[[0.12253565 0.82227147]],-5.855967886639778,Independent,91,1,0.162847604938474,True,True
192,57.912480193296915,-0.7037626521373939,-5.155001215758664,[[0.1074003  0.86637616]],-5.856729060406744,Independent,92,1,0.1606601412820006,True,True
193,57.90496485728353,-3.5574300559021843,-3.78527293435588,[[0.06899856 0.97535311]],-5.85682978523241,Independent,93,1,0.1629089250394581,True,True
194,57.90868528991658,-0.7869092908938549,-5.08344854873079,[[0.10532742 0.87280781]],-5.855482573159002,Independent,94,1,0.16179713031210208,True,True
195,57.91753071181818,-9.753330133288491,-2.3010934066947564,[[0.02790829 1.        ]],-5.856352294963807,Independent,95,1,0.15914232633765682,True,True
196,58.08539022737969,-14.016831082330567,-1.6444567887272348,[[0.01134159 1.        ]],-5.855579091306978,Independent,96,1,0.10541770300040938,True,True
197,58.27503546383941,-14.585011725119431,-1.5644425307857586,[[0.00939499 1.        ]],-5.855447867619123,Independent,97,1,0.0354630734448689,True,True
198,58.32330965354262,-13.455826412659786,-1.7233573747327657,[[0.0133147 1.       ]],-5.855591702317678,Independent,98,1,0.01569879827723757,True,True
199,58.361960161948254,-62.33555618228039,-13.432621868556723,[[0.2064324  0.13665369]],-5.855756532976062,Independent,99,1,-0.0008004528310329483,False,False
200,0.0,-17.507001974704078,-1.180143601784629,[[0. 1.]],-9.312364421832482,Independent,0,2,1.7734947610688778,True,True
201,2.365293061400024,-25.823428487010567,-1.272652230345092,[[0.         0.90453683]],-9.312497252139439,Independent,1,2,1.755835429752042,False,False
202,2.3683094820415773,-37.21015035278008,-1.3737086292350615,[[0.       0.815926]],-9.314083280122807,Independent,2,2,1.7558124443408039,False,False
203,2.3871150960376464,-3.607357212353041,-3.9574401081504873,[[0.07773981 1.        ]],-9.313410904398763,Independent,3,2,1.755669116338902,False,False
204,30.737575197950754,-8.145871232000019,-2.5903505671287888,[[0.03550248 1.        ]],-7.5674829954643235,Independent,4,2,1.4567082248451786,True,True
205,43.57211582200682,-1.191912443564823,-4.807073253752998,[[0.0977999  0.89962199]],-7.565792675150735,Independent,5,2,1.1983271982299883,True,True
206,46.43552693069695,-0.7546858641146611,-5.263132660204263,[[0.11493859 0.87470597]],-5.997911790517564,Independent,6,2,1.111416836176199,False,False
207,46.77602632409238,-5.3300721073273865,-3.2125664394731164,[[0.05304688 1.        ]],-6.000626632739793,Independent,7,2,1.0998218993275548,True,True
208,48.883621392325,-10.959759733195327,-10.178656236279771,[[1. 0.]],-5.9974542678818406,Independent,8,2,1.0202161077364145,False,False
209,48.855625316888954,-2.2917494703772237,-4.272260293448779,[[0.08264637 0.9434552 ]],-5.9982111436023935,Independent,9,2,1.0213751138496816,True,True
210,49.55917263178497,-12.533471208140512,-1.8585119685502656,[[0.01667597 1.        ]],-5.998866424361653,Independent,10,2,0.9912680015611252,True,True
211,53.19651483481386,-1.0614113652535504,-5.064402894552731,[[0.10963209 0.89750559]],-6.001402678158003,Independent,11,2,0.7898347222672772,False,False
212,53.217503056206034,-0.46972873256729475,-5.469414185266,[[0.1158929  0.83409339]],-6.000999312793887,Independent,12,2,0.7883533449044621,False,False
213,53.380122896533514,-1.7125575134735107,-4.533431304502265,[[0.08981748 0.92210688]],-5.939525078519866,Independent,13,2,0.7767008827523537,False,False
214,53.546010472817784,-10.264574253537365,-2.215446896952296,[[0.02568558 1.        ]],-5.940342665296238,Independent,14,2,0.7644831153550347,True,True
215,54.39835438811073,-4.165963175221039,-3.5742176563271495,[[0.06335077 0.98911995]],-5.938520866986944,Independent,15,2,0.6956361353220034,True,True
216,54.838409760294596,-11.176619095987235,-7.7347266559147005,[[0.23522014 0.60648211]],-5.936326143524532,Independent,16,2,0.6553026082511834,False,False
217,54.8329352993205,-0.42748400626931143,-5.547759966496764,[[0.12066189 0.83536974]],-5.9400094325266855,Independent,17,2,0.6558280932205024,True,True
218,54.860595320456376,-14.960018762012963,-1.51387752183853,[[0.00813332 1.        ]],-5.937528129094911,Independent,18,2,0.6531665174521696,True,True
219,55.75014209235211,-17.088604050779093,-6.750544386110001,[[1.        0.4596367]],-5.937803093830596,Independent,19,2,0.5575043935782713,False,False
220,55.73667014771361,-1.3968229926462028,-4.692068013812582,[[0.09368162 0.90444196]],-5.937762883044058,Independent,20,2,0.5591221051806948,True,True
221,55.77440958018692,-0.8414668088486617,-5.04155102591612,[[0.10409182 0.87677343]],-5.939057896033032,Independent,21,2,0.5545750616785202,True,True
222,55.82616815980856,-6.667801196754803,-2.890220136402375,[[0.04371764 1.        ]],-5.883049809551237,Independent,22,2,0.5482604729773102,True,True
223,56.31075117722709,-0.4120452312767698,-5.608337251272725,[[0.12241295 0.82923653]],-5.882879320185912,Independent,23,2,0.48420977747493765,False,False
224,56.31211327120097,-0.4150251431793214,-5.611301026226875,[[0.12273259 0.82959651]],-5.881702910592952,Independent,24,2,0.48401574312546164,False,False
225,56.30841078126651,-0.5460219450177417,-5.321046402064072,[[0.11323079 0.85473186]],-5.883378966387216,Independent,25,2,0.4845429715468781,True,True
226,56.3438702669113,-2.9206862151764232,-4.020329043756519,[[0.07528952 0.95881841]],-5.86888678981108,Independent,26,2,0.47946711631402517,True,True
227,56.520163113145436,-0.40471447926308823,-5.641626815722946,[[0.12331145 0.82525339]],-5.866376320117147,Independent,27,2,0.45331155575333104,False,False
228,56.51752304324282,-3.571313912322862,-3.78102453755927,[[0.06882376 0.97507986]],-5.86879681394784,Independent,28,2,0.45371509557347284,True,True
229,56.624398881014876,-1.9907285418863019,-4.400633255503086,[[0.08586963 0.93070414]],-5.868809487363053,Independent,29,2,0.4370716244234442,True,True
230,56.662086456154086,-0.4512196372895097,-5.5999476613380414,[[0.12355407 0.8343786 ]],-5.866235149197135,Independent,30,2,0.4310471434014074,False,False
231,56.67145642645964,-4.0807278744655955,-6.002595024920394,[[0.15922075 0.83841172]],-5.86707343736554,Independent,31,2,0.42953626120199173,False,False
232,56.670774528154126,-0.3973598415006212,-5.663120524621868,[[0.12326348 0.82083752]],-5.868839989875589,Independent,32,2,0.42964639296569934,True,True
233,56.66632318482034,-16.217516102841614,-1.343638597286014,[[0.00402388 1.        ]],-5.8672429194647435,Independent,33,2,0.4303646333848501,True,True
234,56.881330380381414,-5.981021256233508,-3.0478908260335884,[[0.04819699 1.        ]],-5.869106055069372,Independent,34,2,0.39423944955739937,True,True
235,56.99832232628897,-13.732185598075457,-1.6835198171248484,[[0.01233913 1.        ]],-5.86687815056307,Independent,35,2,0.37324246040551406,True,True
236,57.216199253438376,-0.3978187903375398,-5.672463516431682,[[0.12368174 0.82035252]],-5.867815527760642,Independent,36,2,0.3312084734508368,False,False
237,57.21043866483692,-72.26104575718718,-5.7395484022806444,[[0.36718978 0.83764918]],-5.867105708647977,Independent,37,2,0.33237383286416244,False,False
238,57.21028473348204,-0.47555237876896506,-5.4289282840283475,[[0.11672945 0.8456429 ]],-5.866514408318086,Independent,38,2,0.33240493011678457,True,True
239,57.21380203693675,-9.183898038427275,-2.3978326523942544,[[0.03046716 1.        ]],-5.869222498695486,Independent,39,2,0.3316938071046057,True,True
240,57.43051164592718,-127.18268810295784,-4.860678695569588,[[0.48611468 0.94300598]],-5.869375556742582,Independent,40,2,0.2854688890709473,False,False
241,57.42473314283598,-2.1317076578189034,-4.339899415858401,[[0.08414111 0.93523061]],-5.86659677816588,Independent,41,2,0.2867675067218755,True,True
242,57.44008371070761,-167.05422088229,-4.555873149880829,[[0.64341375 0.92984713]],-5.866776408094469,Independent,42,2,0.2833091540463193,False,False
243,57.43619317174712,-16.85671802115541,-1.2636320880898564,[[0.00201031 1.        ]],-5.8682528517190535,Independent,43,2,0.28418826824565147,True,True
244,57.48949403301582,-53.38574077160523,-13.380183592357636,[[0.29706678 0.06490701]],-5.868669054507697,Independent,44,2,0.2719866681707189,False,False
245,57.48791154440961,-4.73643459439269,-3.3854497891499427,[[0.05832231 1.        ]],-5.867334218726088,Independent,45,2,0.27235391207854465,True,True
246,57.60543281540498,-5.996772035465994,-5.907261407793724,[[0.16261204 0.86194543]],-5.86577126541896,Independent,46,2,0.2441993945040087,False,False
247,57.60283385636054,-0.6940491807108118,-5.163327324128688,[[0.10830419 0.86871606]],-5.867433358865415,Independent,47,2,0.24484217534348096,True,True
248,57.61463745600042,-1.0077949538909137,-4.923587270381357,[[0.1010229  0.88923352]],-5.858252841515608,Independent,48,2,0.24191519859237903,True,True
249,57.62966547788086,-0.9023189415346455,-4.994454621766711,[[0.10300547 0.88227902]],-5.857468449624977,Independent,49,2,0.23815987608943967,True,True
250,57.65023812399012,-0.4119471961677509,-5.602400978086107,[[0.12202687 0.82892954]],-5.856474247093677,Independent,50,2,0.2329657911820551,False,False
251,57.647735345251874,-1.0998576822338475,-4.862799437416983,[[0.09916777 0.89375912]],-5.858165805520627,Independent,51,2,0.23360100996137434,True,True
252,57.64438881131714,-0.40771411849278894,-5.613782973709044,[[0.12234108 0.82784211]],-5.8566632548346735,Independent,52,2,0.2344489292327367,False,False
253,57.64469526135065,-1.5481862489194298,-4.612824485025489,[[0.09196944 0.91466   ]],-5.859285275127212,Independent,53,2,0.2343713520786946,True,True
254,57.65673782915736,-0.40846232102268465,-5.615453682975415,[[0.12239185 0.82760017]],-5.858139564255001,Independent,54,2,0.23131177817218523,False,False
255,57.66281620911207,-0.600664900794214,-5.258942249852724,[[0.1112926  0.86087124]],-5.856293208037592,Independent,55,2,0.22975926102895475,True,True
256,57.66453669607063,-96.34345436119656,-4.557886038943979,[[0.99317935 0.84293459]],-5.858374934595736,Independent,56,2,0.22931881100123822,False,False
257,57.68378669844352,-16.07504677123279,-9.082050549920279,[[0.84777727 0.23953539]],-5.858072534965557,Independent,57,2,0.2243600484833683,False,False
258,57.66505237661184,-2.1966003946624433,-4.309575137894016,[[0.08335607 0.93741301]],-5.85690595326261,Independent,58,2,0.22918670811875075,True,True
259,57.6781667408344,-43.8853058109505,-7.545094608541132,[[0.73346927 0.40447443]],-5.860203259690928,Independent,59,2,0.22581359965078124,False,False
260,57.669820028433236,-7.391526970824215,-2.737046960956777,[[0.03949515 1.        ]],-5.856832358852888,Independent,60,2,0.22796346265476566,True,True
261,57.78561159064087,-2.6002705554012304,-4.144954661529259,[[0.07876269 0.95029398]],-5.8575423009912395,Independent,61,2,0.1971446393699748,True,True
262,57.8241887171311,-1.8525512649634925,-4.46264759949724,[[0.08772094 0.92607872]],-5.859021058038266,Independent,62,2,0.18637143209819923,True,True
263,57.83619109447335,-11.383954195980927,-2.0332864274967397,[[0.02109078 1.        ]],-5.853574508596223,Independent,63,2,0.1829643501231861,True,True
264,58.0453761150698,-78.38732000791344,-13.695844111962352,[[0.194378   0.08856253]],-5.8579955488057855,Independent,64,2,0.11884074617687498,False,False
265,58.04483779090155,-0.4008810605109855,-5.638469790101275,[[0.1226186  0.82340351]],-5.85639406782001,Independent,65,2,0.11901853258135862,False,False
266,58.044791336692484,-3.242898652463106,-3.899525183628027,[[0.07206973 0.96770828]],-5.858459053721271,Independent,66,2,0.11903387109156345,False,False
267,58.086220118662304,-2.749573891373723,-4.084988907188971,[[0.07701171 0.9534815 ]],-5.8571082891367965,Independent,67,2,0.10513487056085748,True,True
268,58.09682666711835,-6.452467074406441,-4.7951927515007595,[[0.11691306 0.99852256]],-5.8551063153213985,Independent,68,2,0.10150377394728717,False,False
269,58.096350740262096,-65.6066179289761,-5.135733000369052,[[0.97451806 0.71378436]],-5.856377781224011,Independent,69,2,0.10166735724372265,False,False
270,58.095034639361714,-0.3999639958484728,-5.638288809862117,[[0.12270966 0.82415794]],-5.855954263447332,Independent,70,2,0.10211940060858406,True,True
271,58.090103496160545,-2.4471234770348835,-4.206624263258157,[[0.08038292 0.94500886]],-5.857512868966722,Independent,71,2,0.103808936738755,True,True
272,58.10671552547867,-0.4002340032152117,-5.6380979129749615,[[0.12277358 0.82408357]],-5.856986113824099,Independent,72,2,0.09809080717873427,True,True
273,58.10239752440438,-34.47621641030003,-5.645979770415548,[[0.21754412 0.95060543]],-5.854418403162018,Independent,73,2,0.09958438977645634,False,False
274,58.10407170243651,-0.7663596277262555,-5.099470284078048,[[0.10641272 0.87446374]],-5.859016302489691,Independent,74,2,0.09900590655100826,True,True
275,58.11103397993425,-174.12956573280954,-4.235225239125645,[[0.85517039 0.95057458]],-5.856742388940569,Independent,75,2,0.09659191263208583,False,False
276,58.111237115050216,-1.913085235724472,-4.4363694906648625,[[0.08691826 0.9282029 ]],-5.85785297172177,Independent,76,2,0.0965212788076628,True,True
277,58.10722683689491,-0.6336312120780524,-5.221771337163511,[[0.11035074 0.86441335]],-5.855093976492226,Independent,77,2,0.09791360559813152,True,True
278,58.110095625311736,-59.58249257520738,-5.978953322791376,[[0.33774724 0.81466184]],-5.856030903276129,Independent,78,2,0.09691804681385797,False,False
279,58.11177313309736,-1.3001280951054717,-4.742966632627002,[[0.09584876 0.90426762]],-5.856429175736412,Independent,79,2,0.09633484028171477,True,True
280,58.11960007857819,-3.0859049315652762,-3.957531694655102,[[0.07370988 0.96404645]],-5.8550554318091,Independent,80,2,0.09360330489204348,True,True
281,58.13219018168958,-25.45859253371703,-7.322962475746952,[[0.50059455 0.50913376]],-5.855668114755096,Independent,81,2,0.08917310307116548,False,False
282,58.1246249474645,-70.28854313957815,-11.568706394939142,[[0.1402869  0.22328071]],-5.855990408204306,Independent,82,2,0.09184057077754856,False,False
283,58.1304824833075,-96.92571231235787,-5.283298570207959,[[0.37642734 0.92853503]],-5.8560866546324455,Independent,83,2,0.08977666322444726,False,False
284,58.13002028609822,-0.8002861138572931,-5.074655185495114,[[0.10559459 0.87686458]],-5.855148474813843,Independent,84,2,0.08993987570229971,True,True
285,58.12272834195461,-0.3978978370594414,-5.661866308815909,[[0.12319634 0.82113709]],-5.855774200787719,Independent,85,2,0.09250674468585533,False,False
286,58.13656993783135,-1.6204529455334564,-4.575851411102367,[[0.09099616 0.91796829]],-5.855732504634463,Independent,86,2,0.08762129927692741,True,True
287,58.130212203674574,-9.72207132334515,-2.3065125418269794,[[0.02804626 1.        ]],-5.856434351206505,Independent,87,2,0.08987211263327988,True,True
288,58.18793686399363,-15.140399723348597,-10.417279017346072,[[0.82160597 0.04907542]],-5.855890442717962,Independent,88,2,0.06899500535592015,False,False
289,58.18261020789942,-30.869431134007204,-7.194437284427624,[[0.43705686 0.55926527]],-5.85732436169158,Independent,89,2,0.07096406586405046,False,False
290,58.17930391462529,-0.6529316920937207,-5.203348163533094,[[0.10963191 0.86559198]],-5.85482658443238,Independent,90,2,0.07218180036187272,True,True
291,58.18109634646849,-11.90801645601214,-8.900395485989007,[[0.45384696 0.37234595]],-5.855753292822691,Independent,91,2,0.07152205705717986,False,False
292,58.18606369272527,-15.064210380934929,-7.237681878027526,[[0.94739307 0.40676133]],-5.854831651356246,Independent,92,2,0.06968846312590132,False,False
293,58.180397895010984,-115.65782067237433,-5.0355363125829,[[0.82452803 0.75632762]],-5.855849337221427,Independent,93,2,0.07177925641279749,False,False
294,58.18325467097374,-0.39770952114155705,-5.659827691942436,[[0.12313588 0.82140219]],-5.855938572362469,Independent,94,2,0.07072630675849575,True,True
295,58.17655646980967,-1.5275156217802766,-6.084987868315395,[[0.14876457 0.80544442]],-5.854993819141737,Independent,95,2,0.07319111537620715,False,False
296,58.18464900200907,-134.39088577665535,-4.3130063647170465,[[0.93586392 0.91419366]],-5.8539020294778155,Independent,96,2,0.07021145606916364,False,False
297,58.18619673672857,-1.4688092276724167,-4.652865355629582,[[0.09320215 0.91181168]],-5.853883982158756,Independent,97,2,0.06963924605531345,True,True
298,58.187257275868966,-25.357805294510975,-12.374042703285783,[[0.41235771 0.05782241]],-5.854924487235585,Independent,98,2,0.06924672042961111,False,False
299,58.18050524869974,-49.21955781067569,-5.695864827739806,[[0.94333045 0.61429256]],-5.856190620036454,Independent,99,2,0.07173973415127637,False,False
300,10.458469582488773,-25.353278997102507,-1.269346608692829,[[0.         0.90890373]],-9.626971827656337,MultiTask,0,0,1.689323505579619,False,False
301,10.458469582488773,-5.1308427362684155,-3.267891830351207,[[0.05469509 1.        ]],-9.626971827656337,MultiTask,1,0,1.689323505579619,True,True
302,35.72505342150055,-11.779453108658569,-1.972512319765104,[[0.01953751 1.        ]],-8.398734566619623,MultiTask,2,0,1.3735568070279,True,True
303,43.78302240918432,-3.8144208044976198,-4.286445812273759,[[0.09095344 1.        ]],-8.398734566619623,MultiTask,3,0,1.1924865058871839,False,False
304,45.47365899842045,-1.6264151884321496,-4.631035843005433,[[0.09492173 0.92822906]],-8.100866616771379,MultiTask,4,0,1.1425915396973145,False,False
305,48.468960262116894,-8.155809814343732,-2.5881978736677955,[[0.03545074 1.        ]],-6.257451031437583,MultiTask,5,0,1.0370740778789278,True,True
306,50.93192871043905,-3.256722280808032,-3.8943334013242823,[[0.07164375 0.96519514]],-6.257451031437583,MultiTask,6,0,0.9257343194880101,True,True
307,51.858971952056564,-14.855352373919635,-1.5268642153853338,[[0.0084817 1.       ]],-6.257451031437583,MultiTask,7,0,0.8751276646411568,True,True
308,53.26037820556162,-0.7239059870254039,-5.143411640960028,[[0.10829901 0.87321424]],-6.257451031437583,MultiTask,8,0,0.7853113623731395,False,False
309,54.033457081413104,-16.4180138134928,-1.3191125402505244,[[0.00339061 1.        ]],-5.8673176279854315,MultiTask,9,0,0.726455112646197,True,True
310,54.36211736170011,-11.006117390661675,-7.254859389969713,[[1.         0.40089563]],-5.8673176279854315,MultiTask,10,0,0.6987963723099443,False,False
311,54.36211736170011,-9.917191410587906,-2.273031942461098,[[0.02718054 1.        ]],-5.8673176279854315,MultiTask,11,0,0.6987963723099443,True,True
312,54.94903880392311,-2.339880993691194,-4.250874172633375,[[0.08145351 0.94029953]],-5.8673176279854315,MultiTask,12,0,0.6445449288396286,True,True
313,55.29758671909951,-0.44265994528005237,-5.526809159335801,[[0.12036704 0.83863512]],-5.8673176279854315,MultiTask,13,0,0.6087967980396382,False,False
314,55.430669770026476,-6.559827774979798,-2.914201710692391,[[0.04438818 1.        ]],-5.8673176279854315,MultiTask,14,0,0.5943316541135305,True,True
315,55.99515284850243,-4.174279525725142,-3.57178414143033,[[0.06331934 0.989639  ]],-5.8673176279854315,MultiTask,15,0,0.5269806675374531,True,True
316,56.30369160410494,-13.293743715407794,-1.746356360004895,[[0.013896 1.      ]],-5.8673176279854315,MultiTask,16,0,0.48521404806061463,True,True
317,56.65685870904055,-1.1359106699934411,-4.840864945714981,[[0.09867902 0.89640671]],-5.8673176279854315,MultiTask,17,0,0.43188782459158104,True,True
318,56.80525923009694,-7.3417021541931415,-2.748264114494062,[[0.03978235 1.        ]],-5.8673176279854315,MultiTask,18,0,0.4073670250254814,True,True
319,56.94035029826897,-1.9133339603153026,-4.4364959306680625,[[0.08686142 0.92784146]],-5.8673176279854315,MultiTask,19,0,0.3837738099799793,False,False
320,57.023330720749684,-9.023234337234939,-2.428449076937465,[[0.0312205 1.       ]],-5.8673176279854315,MultiTask,20,0,0.3686193189491361,True,True
321,57.166139287546386,-2.7905250863985778,-4.069459221688491,[[0.07664477 0.95510258]],-5.8673176279854315,MultiTask,21,0,0.3412325576237462,True,True
322,57.250714428700824,-4.649436052643911,-3.413948911158214,[[0.05919265 1.        ]],-5.8673176279854315,MultiTask,22,0,0.32415983109331287,True,True
323,57.32669736346523,-17.20523550403518,-1.2184779200463012,[[9.30357009e-04 1.00000000e+00]],-5.8673176279854315,MultiTask,23,0,0.3082273866602014,True,True
324,57.406678186668444,-1.3742780508677406,-4.703594817642828,[[0.09458765 0.90722296]],-5.8673176279854315,MultiTask,24,0,0.29080020133801543,True,True
325,57.44128908383366,-5.821747034900784,-3.086214062546873,[[0.04930823 1.        ]],-5.8673176279854315,MultiTask,25,0,0.2830364239789652,True,True
326,57.575381945150596,-3.709897246027797,-3.7314350273561376,[[0.06750911 0.97856904]],-5.8673176279854315,MultiTask,26,0,0.2515741794376621,True,True
327,57.65102906341291,-0.555254773663739,-5.316265191678703,[[0.11344017 0.85692784]],-5.8673176279854315,MultiTask,27,0,0.23276485312069414,False,False
328,57.68653755902426,-2.562723721622782,-4.159388018068844,[[0.07909762 0.94843315]],-5.8673176279854315,MultiTask,28,0,0.22364678592778264,True,True
329,57.70737822989214,-0.40530924859201534,-5.676073219263204,[[0.12452567 0.82238962]],-5.8673176279854315,MultiTask,29,0,0.21820467443924615,False,False
330,57.71947712082858,-9.467144999585152,-2.3502240580047484,[[0.02917855 1.        ]],-5.8673176279854315,MultiTask,30,0,0.21501372666863056,True,True
331,57.75468200984987,-5.469941420880797,-3.175559147470122,[[0.05193081 1.        ]],-5.8673176279854315,MultiTask,31,0,0.20559319715298008,True,True
332,57.78716516604496,-1.7087286963101196,-4.532581734539428,[[0.08959662 0.92041391]],-5.8673176279854315,MultiTask,32,0,0.1967159069182604,True,True
333,57.80730939490004,-17.50829951577817,-1.1804080208620997,[[0. 1.]],-5.8673176279854315,MultiTask,33,0,0.19111813848133882,False,False
334,57.82602838276319,-7.7451165583262584,-2.6675522745279396,[[0.0375856 1.       ]],-5.8673176279854315,MultiTask,34,0,0.185850942573859,True,True
335,57.85917619111804,-1.2529020487825573,-4.771277583820024,[[0.09648831 0.9012926 ]],-5.8673176279854315,MultiTask,35,0,0.17636407171539822,True,True
336,57.86762242690051,-0.4442306075044762,-5.811753715733715,[[0.12964684 0.8114394 ]],-5.8673176279854315,MultiTask,36,0,0.17391326949390695,False,False
337,57.86762242690051,-0.9144298686824026,-4.986130332947524,[[0.10272763 0.88282984]],-5.8673176279854315,MultiTask,37,0,0.17391326949390695,True,True
338,57.90245721703036,-3.021908263635817,-3.9809842646653704,[[0.07420584 0.96117518]],-5.8673176279854315,MultiTask,38,0,0.16365669270436814,True,True
339,57.9232323771081,-0.6321903982947212,-5.222296525326756,[[0.10978897 0.86208979]],-5.8673176279854315,MultiTask,39,0,0.15742242564878217,True,True
340,57.9318507686648,-10.837098974799638,-2.1210909858902345,[[0.02329172 1.        ]],-5.854486923621478,MultiTask,40,0,0.15480969996250482,True,True
341,58.07503295719184,-12.53044356264087,-1.858560961616633,[[0.01668535 1.        ]],-5.854486923621478,MultiTask,41,0,0.10893212185025976,True,True
342,58.16201204627457,-3.9409858117558496,-3.6512368208203068,[[0.06538042 0.98396602]],-5.854486923621478,MultiTask,42,0,0.07849549768702058,True,True
343,58.18072178373098,-0.4073501968175517,-5.5952415809907645,[[0.12105652 0.8270151 ]],-5.854486923621478,MultiTask,43,0,0.07166000583224624,True,True
344,58.183575928546205,-0.8118646270987764,-5.062835143477607,[[0.10505608 0.87643751]],-5.854486923621478,MultiTask,44,0,0.07060773789393891,True,True
345,58.19184027647644,-6.1857701420538636,-2.9991302813874867,[[0.04679733 1.        ]],-5.854486923621478,MultiTask,45,0,0.06754637404825332,True,True
346,58.22441462952317,-15.631666653674225,-1.4222714094843119,[[0.00591576 1.        ]],-5.854486923621478,MultiTask,46,0,0.0552652009560906,True,True
347,58.306660885380886,-0.4836597534425575,-5.4088226807974875,[[0.11544568 0.84502052]],-5.854486923621478,MultiTask,47,0,0.02261716917643004,True,True
348,58.31510812969766,-4.410825589118604,-3.4925781711975916,[[0.06122621 0.99467498]],-5.854486923621478,MultiTask,48,0,0.01912070359625641,True,True
349,58.334007502968866,-14.068827227367706,-1.6358174300961381,[[0.01116334 1.        ]],-5.854486923621478,MultiTask,49,0,0.011194447304390938,True,True
350,58.420949151015044,-3.481212723740981,-3.812439043666911,[[0.069663   0.97294924]],-5.854486923621478,MultiTask,50,0,-0.027255974636876186,True,True
351,58.439677123073906,-2.1241968204493302,-4.34247995504666,[[0.0841999  0.93491219]],-5.854486923621478,MultiTask,51,0,-0.03600374923725774,True,True
352,58.45995488104734,-2.231541597325462,-4.296256553770358,[[0.08290043 0.93834467]],-5.854486923621478,MultiTask,52,0,-0.045678423527945655,True,True
353,58.464962696439585,-0.45295106664759643,-5.464695690314206,[[0.11715499 0.83980175]],-5.854486923621478,MultiTask,53,0,-0.04810124768066395,True,True
354,58.466870119505515,-26.28837206896222,-7.074039857522167,[[0.89743991 0.42988359]],-5.854486923621478,MultiTask,54,0,-0.04902764161700602,False,False
355,58.466870119505515,-35.51476403273213,-7.0420906989520615,[[0.37029549 0.62151759]],-5.854486923621478,MultiTask,55,0,-0.04902764161700602,False,False
356,58.466870119505515,-1.5388375947044857,-4.616894858056215,[[0.09201164 0.91374752]],-5.854486923621478,MultiTask,56,0,-0.04902764161700602,True,True
357,58.47562708741842,-6.946529899364444,-2.8303925186857413,[[0.04204609 1.        ]],-5.854486923621478,MultiTask,57,0,-0.05330625714233672,True,True
358,58.508746154799056,-0.4976999970235685,-5.459160474497679,[[0.11493154 0.83237511]],-5.854486923621478,MultiTask,58,0,-0.06988033409657245,False,False
359,58.508746154799056,-1.8102897145780261,-4.484215014748962,[[0.08820958 0.92412054]],-5.854486923621478,MultiTask,59,0,-0.06988033409657245,True,True
360,58.51373006695866,-1.4557943325521663,-4.65991671598672,[[0.09324859 0.91028823]],-5.854486923621478,MultiTask,60,0,-0.07243015284662059,True,True
361,58.517357239004795,-6.752086399323002,-2.8720714856328766,[[0.04320662 1.        ]],-5.854486923621478,MultiTask,61,0,-0.07429530756618045,True,True
362,58.52554918742291,-1.6231881176777758,-4.57445412291425,[[0.09078898 0.91708603]],-5.854486923621478,MultiTask,62,0,-0.07853745909262358,True,True
363,58.52917959246452,-2.0181030331881464,-4.389211185965877,[[0.08551539 0.93138144]],-5.854486923621478,MultiTask,63,0,-0.08043077535955018,True,True
364,58.53419621010966,-11.305595924873908,-2.0463980891753213,[[0.02139898 1.        ]],-5.854486923621478,MultiTask,64,0,-0.0830606822801967,True,True
365,58.56958997579571,-5.644398935163026,-3.1305372501123183,[[0.05060313 1.        ]],-5.854486923621478,MultiTask,65,0,-0.10208231842454521,True,True
366,58.57757452373871,-288.29379163055665,-3.6127447538205715,[[0.00589697 0.02054782]],-5.854486923621478,MultiTask,66,0,-0.10649110923950143,False,False
367,58.57757452373871,-2.6761304992292922,-4.11423144576907,[[0.07784437 0.9516319 ]],-5.854486923621478,MultiTask,67,0,-0.10649110923950143,True,True
368,58.58274019118492,-3.5952504876766556,-3.771828161273935,[[0.06857909 0.97575136]],-5.854486923621478,MultiTask,68,0,-0.1093674427259755,True,True
369,58.58739609720505,-11.541869406869163,-2.0093560465217037,[[0.02046446 1.        ]],-5.854486923621478,MultiTask,69,0,-0.11197635672703596,True,True
370,58.59619668282053,-0.39809804088522327,-5.672629946561487,[[0.12349148 0.81969955]],-5.854486923621478,MultiTask,70,0,-0.11695094521319473,False,False
371,58.59856444381417,-3.8251597499403704,-3.6912376344026603,[[0.06643989 0.98127618]],-5.854486923621478,MultiTask,71,0,-0.11829912258194666,True,True
372,58.60322034953523,-2.285605189550939,-4.273347573521944,[[0.08225326 0.93999415]],-5.854486923621478,MultiTask,72,0,-0.12096241330475138,True,True
373,58.60446375286024,-0.5892944521287404,-5.26815044814706,[[0.11120357 0.85807932]],-5.854486923621478,MultiTask,73,0,-0.12167644208055961,True,True
374,58.60652768030857,-4.8854984110178306,-3.339665330705106,[[0.05688504 1.        ]],-5.854486923621478,MultiTask,74,0,-0.12286425748308215,True,True
375,58.624752735232036,-8.586110824875565,-2.5077237081766772,[[0.03330907 1.        ]],-5.854486923621478,MultiTask,75,0,-0.13349644587617726,True,True
376,58.659929885105704,-5.298744350359827,-3.2213009195706652,[[0.05329307 1.        ]],-5.854486923621478,MultiTask,76,0,-0.1547848009228818,True,True
377,58.66790611254423,-0.6771396162807761,-5.17824521674271,[[0.10850081 0.86620578]],-5.854486923621478,MultiTask,77,0,-0.15976047705454077,True,True
378,58.669966232373255,-0.43937136902336604,-5.686068061693196,[[0.12167986 0.81098115]],-5.854486923621478,MultiTask,78,0,-0.16105492423384024,False,False
379,58.669966232373255,-1.8616252616020112,-4.46027534963321,[[0.08751636 0.92587849]],-5.854486923621478,MultiTask,79,0,-0.16105492423384024,True,True
380,58.67120412130403,-2.450421313263436,-4.204913083290662,[[0.08034801 0.94503122]],-5.854486923621478,MultiTask,80,0,-0.16183459399640268,True,True
381,58.67636566232804,-1.0228757557918176,-4.91201559490955,[[0.10058275 0.88938255]],-5.854486923621478,MultiTask,81,0,-0.16510070031994323,True,True
382,58.684743215383236,-7.542480427671663,-2.707727414444118,[[0.03867573 1.        ]],-5.854486923621478,MultiTask,82,0,-0.17045467652230714,True,True
383,58.692957415430854,-42.930794236590216,-5.642612181388275,[[0.98807965 0.61960476]],-5.854486923621478,MultiTask,83,0,-0.17576913210091374,False,False
384,58.692957415430854,-0.8625007813691496,-5.024013335336539,[[0.10389501 0.87978418]],-5.854486923621478,MultiTask,84,0,-0.17576913210091374,True,True
385,58.69497339649547,-10.374293417700832,-2.1966088380574957,[[0.02521768 1.        ]],-5.854486923621478,MultiTask,85,0,-0.17708343927924206,True,True
386,58.730342433904205,-4.057375314374692,-3.611415419642015,[[0.06433603 0.98670562]],-5.854486923621478,MultiTask,86,0,-0.20081367675235887,True,True
387,58.73499772340382,-8.80383133671575,-2.46794489048168,[[0.03225854 1.        ]],-5.854486923621478,MultiTask,87,0,-0.20403589382354392,True,True
388,58.74372531536321,-1.0788453686124058,-4.875972698750311,[[0.09952108 0.8924152 ]],-5.854486923621478,MultiTask,88,0,-0.2101419966417694,True,True
389,58.745782114095185,-2.9057630338152043,-4.02505480052354,[[0.07540296 0.95802872]],-5.854486923621478,MultiTask,89,0,-0.2115935857344265,True,True
390,58.750939475796436,-6.002464338961042,-3.042375579887267,[[0.04803887 1.        ]],-5.854486923621478,MultiTask,90,0,-0.21525488180765565,True,True
391,58.758975324066725,-17.50829951577817,-1.1804080208620997,[[0. 1.]],-5.854486923621478,MultiTask,91,0,-0.22102189890271035,False,False
392,58.758975324066725,-9.19404947961976,-10.181051081426961,[[0.99798956 0.01679913]],-5.854486923621478,MultiTask,92,0,-0.22102189890271035,False,False
393,58.758975324066725,-1.3762884978014256,-4.818968879404764,[[0.09430381 0.87653527]],-5.854486923621478,MultiTask,93,0,-0.22102189890271035,False,False
394,58.758975324066725,-2.1777171885438866,-4.319304203012032,[[0.08353659 0.93655345]],-5.854486923621478,MultiTask,94,0,-0.22102189890271035,True,True
395,58.76022274521805,-5.732727102649859,-3.1082911337921293,[[0.04995173 1.        ]],-5.854486923621478,MultiTask,95,0,-0.22192403134693928,True,True
396,58.76220309298573,-12.153395568991257,-1.915309125827622,[[0.01810307 1.        ]],-5.854486923621478,MultiTask,96,0,-0.22336007495999155,True,True
397,58.783771442490206,-1.7593108915138966,-4.508310011080924,[[0.08887754 0.92212747]],-5.854486923621478,MultiTask,97,0,-0.23931573236570602,True,True
398,58.78500878638586,-3.652499939704163,-3.751604779678332,[[0.06804263 0.97716058]],-5.854486923621478,MultiTask,98,0,-0.2402491093092565,True,True
399,58.7861695540142,-0.9680606102710154,-4.948697970044252,[[0.10165655 0.88622116]],-5.854486923621478,MultiTask,99,0,-0.2411265491593981,True,True
400,10.458469582488773,-25.352966026395222,-1.2693435337646635,[[0.         0.90890666]],-9.626971827656337,MultiTask,0,1,1.689323505579619,False,False
401,10.458469582488773,-5.130859281139721,-3.2678871461593544,[[0.05469494 1.        ]],-9.626971827656337,MultiTask,1,1,1.689323505579619,True,True
402,35.725081219749384,-11.779449041042056,-1.972512947173906,[[0.01953752 1.        ]],-8.398746427299075,MultiTask,2,1,1.373556296234593,True,True
403,43.783022435457696,-3.8144157807465877,-4.2864433083289395,[[0.09095333 1.        ]],-8.398746427299075,MultiTask,3,1,1.1924865051546736,False,False
404,45.473686560896056,-8.170074696251607,-2.585488175763118,[[0.03537826 1.        ]],-8.100859089075527,MultiTask,4,1,1.142590677689059,True,True
405,47.93671989755565,-1.9003645050421643,-4.550738573770284,[[0.09355908 0.94134473]],-8.100859089075527,MultiTask,5,1,1.0577953405709344,False,False
406,50.710680579259844,-3.364069010250466,-3.8547386791713607,[[0.0707056  0.96913878]],-6.451103078812448,MultiTask,6,1,0.9369878984652628,True,True
407,51.59243663720223,-0.8898532396220062,-5.018852708358096,[[0.10497655 0.88639594]],-6.451103078812448,MultiTask,7,1,0.8902914439780775,False,False
408,52.583897028442856,-14.840849954590542,-1.5288453128944084,[[0.00853037 1.        ]],-5.908705947980102,MultiTask,8,1,0.8309876078154258,True,True
409,53.985509655423634,-2.4782762069220023,-4.193768303127371,[[0.07988958 0.94463722]],-5.908705947980102,MultiTask,9,1,0.7303468825752764,True,True
410,54.30171135216134,-11.241053185865413,-7.231399391423008,[[1.        0.4034803]],-5.908705947980102,MultiTask,10,1,0.704013803840704,False,False
411,54.30171135216134,-9.925500218587416,-2.271625544153665,[[0.02714428 1.        ]],-5.908705947980102,MultiTask,11,1,0.704013803840704,True,True
412,54.8835966084462,-1.3511506409513938,-4.716497719900053,[[0.09505653 0.90674294]],-5.908705947980102,MultiTask,12,1,0.6509407367919556,True,True
413,55.04965415998437,-6.566332781591344,-2.912760411197343,[[0.04434761 1.        ]],-5.908705947980102,MultiTask,13,1,0.6345240816298541,True,True
414,55.61918578985939,-16.40711872005044,-1.3205234791834013,[[0.00342512 1.        ]],-5.908705947980102,MultiTask,14,1,0.5729799252855452,True,True
415,55.95101773898241,-0.49497953455350796,-5.413137929118314,[[0.11677376 0.84926726]],-5.908705947980102,MultiTask,15,1,0.5326398693143359,False,False
416,56.18275413927564,-2.9145562620134715,-4.0217223378422595,[[0.07536068 0.95869638]],-5.908117463671822,MultiTask,16,1,0.5020670539097837,True,True
417,56.26009099395404,-7.351930300759824,-2.746180668247306,[[0.03972531 1.        ]],-5.908117463671822,MultiTask,17,1,0.4913655821146821,True,True
418,56.39637727705107,-4.231573567627659,-3.552479900491785,[[0.06281233 0.99092097]],-5.908117463671822,MultiTask,18,1,0.47184031727526027,True,True
419,56.66819427850122,-13.286704033414782,-1.7473755634668455,[[0.01392127 1.        ]],-5.908117463671822,MultiTask,19,1,0.43006287031945234,True,True
420,57.01809062509373,-10.84134853607912,-2.1204057564554373,[[0.02327431 1.        ]],-5.908117463671822,MultiTask,20,1,0.3695921058703715,True,True
421,57.15994998429383,-15.619016977623971,-1.4239533148914219,[[0.00595697 1.        ]],-5.908117463671822,MultiTask,21,1,0.34245599474469934,True,True
422,57.24261555068658,-0.6609121432991643,-5.198577711284535,[[0.10976383 0.86730738]],-5.908117463671822,MultiTask,22,1,0.3258240749029772,True,True
423,57.291737202184706,-17.199644213852586,-1.2191837273024841,[[9.4760648e-04 1.0000000e+00]],-5.859489854583699,MultiTask,23,1,0.315630654466441,True,True
424,57.37284505896935,-2.065089251456638,-4.368391981946041,[[0.08494856 0.93310481]],-5.859489854583699,MultiTask,24,1,0.29825768278405124,True,True
425,57.44818829208469,-9.03464671586141,-2.426410286211371,[[0.03116705 1.        ]],-5.859489854583699,MultiTask,25,1,0.2814720914613751,True,True
426,57.58990338719811,-1.0997179732886302,-4.862910409527452,[[0.09920576 0.89388867]],-5.859489854583699,MultiTask,26,1,0.2480261051259264,True,True
427,57.62911237539457,-12.526991787243686,-1.8590763808007689,[[0.0166982 1.       ]],-5.859489854583699,MultiTask,27,1,0.2382986668797234,True,True
428,57.71529152403184,-0.41058563149138827,-5.616704417117765,[[0.12269138 0.82826118]],-5.859489854583699,MultiTask,28,1,0.2161202856757807,False,False
429,57.747639334297745,-0.44038602819691164,-5.500619072334608,[[0.11887353 0.83868956]],-5.859489854583699,MultiTask,29,1,0.20749417894862987,True,True
430,57.753976840306066,-3.7934799159257038,-3.7022461813661085,[[0.06673535 0.98056772]],-5.859489854583699,MultiTask,30,1,0.20578391410575975,True,True
431,57.820782835526735,-14.058136182675481,-1.6373201473956134,[[0.0112004 1.       ]],-5.859489854583699,MultiTask,31,1,0.18733340170873475,True,True
432,57.90692472535953,-5.824794116272739,-3.0854642374905845,[[0.04928642 1.        ]],-5.859489854583699,MultiTask,32,1,0.1623236030322804,True,True
433,58.042198365577306,-2.694313760452766,-4.1070679935105545,[[0.07766633 0.95230859]],-5.859489854583699,MultiTask,33,1,0.11988917488267198,True,True
434,58.061293458653395,-1.6186921030556576,-4.57668934023169,[[0.090858   0.91694195]],-5.859489854583699,MultiTask,34,1,0.11355073638371918,True,True
435,58.10067362077243,-1.2231156673169323,-4.7884955824045665,[[0.09695918 0.8996931 ]],-5.859489854583699,MultiTask,35,1,0.10017925070099717,True,True
436,58.110201321201124,-17.50829951577817,-1.1804080208620997,[[0. 1.]],-5.859489854583699,MultiTask,36,1,0.09688132342734936,False,False
437,58.1292673548339,-6.954865887240513,-2.8286254075931896,[[0.04199706 1.        ]],-5.859489854583699,MultiTask,37,1,0.09020562179436033,True,True
438,58.16267437069643,-3.13780101531943,-3.937635483780787,[[0.07304007 0.96431611]],-5.859489854583699,MultiTask,38,1,0.07825534931253726,True,True
439,58.181700534564975,-4.011551291087705,-3.627050177849978,[[0.06474665 0.98564186]],-5.859489854583699,MultiTask,39,1,0.0712994465190717,True,True
440,58.198245330445296,-15.228650540192769,-1.4762172051953302,[[0.00723833 1.        ]],-5.859489854583699,MultiTask,40,1,0.06515881587034805,True,True
441,58.21878957735653,-4.67673785334172,-3.4050448628913434,[[0.05891374 1.        ]],-5.859489854583699,MultiTask,41,1,0.05741091757431028,True,True
442,58.2857429871391,-4.453255919699517,-3.4785073034887732,[[0.06085458 0.99555001]],-5.859489854583699,MultiTask,42,1,0.031156201867579954,True,True
443,58.302274526153866,-4.899747540886687,-3.335359851312243,[[0.0567526 1.       ]],-5.859489854583699,MultiTask,43,1,0.02442171847472882,True,True
444,58.31837955044947,-9.47701966351185,-2.3485082826545463,[[0.02913396 1.        ]],-5.859489854583699,MultiTask,44,1,0.017759005962239734,True,True
445,58.35331708424613,-13.670974945860591,-1.6921478662725833,[[0.0125542 1.       ]],-5.859489854583699,MultiTask,45,1,0.0029439248468695433,True,True
446,58.3746991077983,-0.39815492940227415,-5.683691272161295,[[0.12399625 0.81915437]],-5.859489854583699,MultiTask,46,1,-0.006378785839848849,False,False
447,58.37863104736225,-0.9814715193174468,-4.939587152980731,[[0.10138184 0.88696753]],-5.859489854583699,MultiTask,47,1,-0.008115138024651051,True,True
448,58.38800391820768,-0.5639937842948353,-5.297513383229039,[[0.11205518 0.85524946]],-5.859489854583699,MultiTask,48,1,-0.012282431273502077,True,True
449,58.39921005945589,-1.1608295380184828,-4.825396758376753,[[0.09804886 0.8967024 ]],-5.859489854583699,MultiTask,49,1,-0.017317879398369204,True,True
450,58.401546639581916,-0.7681899106285073,-5.098071106596176,[[0.10609308 0.87328154]],-5.859489854583699,MultiTask,50,1,-0.018375211524201338,True,True
451,58.41377460769414,-8.598982331377995,-2.5053551692877494,[[0.03324638 1.        ]],-5.859489854583699,MultiTask,51,1,-0.023950902338979806,True,True
452,58.448685704637036,-1.838382919292215,-4.471082194648317,[[0.08784599 0.9252035 ]],-5.859489854583699,MultiTask,52,1,-0.04027523010482461,True,True
453,58.46835277983798,-3.577521223370529,-3.7781129197269236,[[0.06874938 0.97534689]],-5.859489854583699,MultiTask,53,1,-0.049749105015373676,True,True
454,58.48490077866364,-7.757337238207867,-2.66515190916792,[[0.03752067 1.        ]],-5.859489854583699,MultiTask,54,1,-0.057883773965717755,True,True
455,58.51834438271452,-5.4714268100234476,-3.175169342639499,[[0.05191926 1.        ]],-5.859489854583699,MultiTask,55,1,-0.07480430368938742,True,True
456,58.551107823185674,-2.269691924793083,-4.280072462387198,[[0.08246096 0.93964875]],-5.859489854583699,MultiTask,56,1,-0.09204561330892144,True,True
457,58.56952988677083,-1.2865423767184758,-4.752107306287228,[[0.09591491 0.90277653]],-5.859489854583699,MultiTask,57,1,-0.10204930844304139,True,True
458,58.5718808701292,-3.6852351258850664,-3.740088595234053,[[0.06773444 0.97792966]],-5.859489854583699,MultiTask,58,1,-0.10334269907048656,True,True
459,58.57599680515037,-3.025747634217213,-3.979538713401618,[[0.07417049 0.96131288]],-5.859489854583699,MultiTask,59,1,-0.10561639231213323,True,True
460,58.58072362289609,-10.380602022694715,-2.1955672257519008,[[0.02519103 1.        ]],-5.859489854583699,MultiTask,60,1,-0.10824231454650232,True,True
461,58.61576722791357,-0.6111049675856997,-5.2442898268412375,[[0.11047393 0.86020231]],-5.859489854583699,MultiTask,61,1,-0.12822191999901292,True,True
462,58.61841814293869,-1.7276144872161705,-4.523480710135629,[[0.08933516 0.92111434]],-5.855394794426937,MultiTask,62,1,-0.12977136630450828,True,True
463,58.624311979467336,-26.326135717913836,-7.238441979599143,[[0.88561408 0.41266345]],-5.855394794426937,MultiTask,63,1,-0.1332362211025001,False,False
464,58.624311979467336,-1.4828110526096125,-4.645775263780247,[[0.09284035 0.9114214 ]],-5.855394794426937,MultiTask,64,1,-0.1332362211025001,True,True
465,58.63392182109502,-0.520482932177174,-5.353445237408583,[[0.11377894 0.85022996]],-5.855394794426937,MultiTask,65,1,-0.13894559284644925,True,True
466,58.63651910097651,-32.08209241694164,-7.143056313323656,[[0.33669136 0.6303057 ]],-5.855394794426937,MultiTask,66,1,-0.14050165325718006,False,False
467,58.63651910097651,-11.30775287904995,-2.0460580754151585,[[0.02139039 1.        ]],-5.855394794426937,MultiTask,67,1,-0.14050165325718006,True,True
468,58.67158861677622,-2.5855667157681914,-4.150229656544548,[[0.07884834 0.94912828]],-5.855394794426937,MultiTask,68,1,-0.16207704911498585,True,True
469,58.676323315921664,-12.48317172360753,-1.9674136093098125,[[0.01893707 0.98758653]],-5.855394794426937,MultiTask,69,1,-0.16507380429341728,False,False
470,58.676546769231365,-16.011848813796163,-1.372057237530995,[[0.00468606 1.        ]],-5.855394794426937,MultiTask,70,1,-0.16521574791349194,True,True
471,58.69705972686459,-1.9509268778322966,-4.419395427232723,[[0.08637948 0.92916534]],-5.855394794426937,MultiTask,71,1,-0.17844781140403362,True,True
472,58.702960410917726,-6.1905060540215935,-2.9980281324922444,[[0.04676582 1.        ]],-5.855394794426937,MultiTask,72,1,-0.18232997757810132,True,True
473,58.735821236130704,-2.007805237119652,-4.393812359364465,[[0.08565613 0.93111116]],-5.855394794426937,MultiTask,73,1,-0.20460839546975335,True,True
474,58.73728673695725,-4.3422001496945315,-3.5154205488331733,[[0.06182237 0.99315807]],-5.855394794426937,MultiTask,74,1,-0.20562907408053652,True,True
475,58.74140239179158,-2.3735811390366868,-4.236570933895303,[[0.08124413 0.94283733]],-5.855394794426937,MultiTask,75,1,-0.2085084024681569,True,True
476,58.74595678727016,-275.9520923806576,-3.7434740884883997,[[0.00715821 0.04160488]],-5.855394794426937,MultiTask,76,1,-0.21171708542223552,False,False
477,58.74595678727016,-1.174585015943153,-5.989805320812471,[[0.12363537 0.76020368]],-5.855394794426937,MultiTask,77,1,-0.21171708542223552,False,False
478,58.74595678727016,-3.081684212705781,-3.9585499264416466,[[0.07359383 0.9627284 ]],-5.855394794426937,MultiTask,78,1,-0.21171708542223552,True,True
479,58.747134610885084,-3.250551981108389,-3.8960168216736797,[[0.07190392 0.96711588]],-5.855394794426937,MultiTask,79,1,-0.21255076358659927,True,True
480,58.75185903776435,-14.44810423334599,-1.5828891648358172,[[0.00985934 1.        ]],-5.855394794426937,MultiTask,80,1,-0.2159109487969594,True,True
481,58.77323657326785,-0.4640368820350762,-5.443109272842523,[[0.11650319 0.84185977]],-5.855394794426937,MultiTask,81,1,-0.23144908053380167,True,True
482,58.77501607900993,-3.4703501232187977,-3.8163309934012597,[[0.06976517 0.97266111]],-5.855394794426937,MultiTask,82,1,-0.2327679203147975,True,True
483,58.7791322729482,-4.564794116470949,-3.441704038075804,[[0.05990696 0.99809807]],-5.855394794426937,MultiTask,83,1,-0.2358339770494597,True,True
484,58.78325216800758,-38.309478432769346,-5.7479363292239265,[[0.9984355  0.60134444]],-5.855394794426937,MultiTask,84,1,-0.23892462008339627,False,False
485,58.78325216800758,-0.4192649278821108,-5.548845827921338,[[0.11972189 0.83178086]],-5.855394794426937,MultiTask,85,1,-0.23892462008339627,True,True
486,58.78468541607722,-7.553705645409887,-2.70548299723573,[[0.03861466 1.        ]],-5.855394794426937,MultiTask,86,1,-0.240004984737889,True,True
487,58.79297274764846,-0.924651082801434,-4.978855019367143,[[0.10255299 0.88366467]],-5.855394794426937,MultiTask,87,1,-0.24630512580017988,True,True
488,58.795245433796566,-16.80221474437068,-1.2696778239001472,[[0.00218181 1.        ]],-5.855394794426937,MultiTask,88,1,-0.24804894123767787,True,True
489,58.81545299560125,-5.97368111657393,-3.191163273808593,[[0.05023116 0.97017237]],-5.855394794426937,MultiTask,89,1,-0.26386993098280126,False,False
490,58.81545299560125,-2.8040092924812416,-4.0642187911575425,[[0.07646807 0.95519066]],-5.855394794426937,MultiTask,90,1,-0.26386993098280126,True,True
491,58.82018984506825,-3.9022733347739322,-3.664564365349078,[[0.06572836 0.98302156]],-5.855394794426937,MultiTask,91,1,-0.26766342314554986,True,True
492,58.82430763691278,-3.739294951515121,-3.721144879875618,[[0.06722535 0.97916284]],-5.855394794426937,MultiTask,92,1,-0.27098828414317877,True,True
493,58.82533410145528,-0.9529009233041545,-4.959111105874343,[[0.10196797 0.88535133]],-5.855394794426937,MultiTask,93,1,-0.2718210691033942,True,True
494,58.82589819683141,-5.299483556241667,-3.221099770745669,[[0.05328705 1.        ]],-5.855394794426937,MultiTask,94,1,-0.2722794083744683,True,True
495,58.833942970395945,-2.8591857234479168,-4.042915513776815,[[0.07588545 0.95671207]],-5.855394794426937,MultiTask,95,1,-0.278869147889995,True,True
496,58.83512254433772,-3.9568547204992965,-3.645786234661187,[[0.06523333 0.98429917]],-5.855394794426937,MultiTask,96,1,-0.2798438364802656,True,True
497,58.836149643688415,-0.5001940019393487,-5.382777574003991,[[0.11466958 0.84751035]],-5.855394794426937,MultiTask,97,1,-0.280694319749749,True,True
498,58.836765622815335,-6.377242351118748,-2.9551374958841405,[[0.04554472 1.        ]],-5.855394794426937,MultiTask,98,1,-0.28120517755216107,True,True
499,58.8448758317548,-2.970024321142332,-4.00059142162093,[[0.07473075 0.95971425]],-5.855394794426937,MultiTask,99,1,-0.28798796978173896,True,True
500,10.458469582488773,-25.353520196281924,-1.2693489784516336,[[0.         0.90890146]],-9.626971827656337,MultiTask,0,2,1.689323505579619,False,False
501,10.458469582488773,-5.130987696172066,-3.2678507898915696,[[0.05469384 1.        ]],-9.626971827656337,MultiTask,1,2,1.689323505579619,True,True
502,35.725296965510665,-3.9218520363024165,-4.334240228869594,[[0.09306384 1.        ]],-8.398838486063635,MultiTask,2,2,1.3735523318820444,False,False
503,37.17419134082924,-14.19063613349143,-1.6187382346306625,[[0.01074227 1.        ]],-8.256092265172011,MultiTask,3,2,1.34607758764769,True,True
504,43.45626112064575,-9.20603672716837,-2.395971533447257,[[0.03037052 1.        ]],-8.256092265172011,MultiTask,4,2,1.201502479249103,True,True
505,47.80222994470347,-2.552209135561891,-4.223024301314078,[[0.08326766 0.96267345]],-8.256092265172011,MultiTask,5,2,1.0628785118942674,False,False
506,50.370527239149936,-10.888815961497343,-7.266729855761937,[[1.         0.39959259]],-6.775233436875969,MultiTask,6,2,0.9537399576744161,False,False
507,50.370527239149936,-3.7645626228088593,-3.7124697708687244,[[0.06689696 0.97873092]],-6.775233436875969,MultiTask,7,2,0.9537399576744161,True,True
508,51.06816175086965,-11.61674170763644,-1.9977020811985007,[[0.02017099 1.        ]],-6.775233436875969,MultiTask,8,2,0.918657041171075,True,True
509,52.09326527400104,-1.4268266445928788,-4.734016593477711,[[0.09792492 0.91914467]],-6.775233436875969,MultiTask,9,2,0.8613464033773744,False,False
510,53.517980833558525,-0.6647890051958694,-5.1983341800891845,[[0.1099623  0.86824611]],-6.16084323807059,MultiTask,10,2,0.7665718051312214,True,True
511,54.128880362548635,-7.033867728026879,-2.81195539916854,[[0.04153528 1.        ]],-5.863123185285054,MultiTask,11,2,0.7186045111613228,True,True
512,55.119162197128695,-1.9112864293801248,-4.437453784865378,[[0.08679994 0.9271409 ]],-5.863123185285054,MultiTask,12,2,0.6274638231507548,True,True
513,55.30923603497738,-16.389357569242023,-1.3578276298454608,[[0.00423803 0.99610432]],-5.863123185285054,MultiTask,13,2,0.6075496691203333,False,False
514,55.729469725679145,-10.39124020290474,-2.193811543600796,[[0.02514611 1.        ]],-5.863123185285054,MultiTask,14,2,0.5599842674360284,True,True
515,55.97721709743253,-4.441288993726957,-3.4825410642395687,[[0.06102886 0.99609259]],-5.863123185285054,MultiTask,15,2,0.5292893720290399,True,True
516,56.13579862804954,-3.0706502357632104,-3.9626823655174883,[[0.07372544 0.96261619]],-5.863123185285054,MultiTask,16,2,0.5084381533937599,True,True
517,56.31645312216624,-6.043783313523967,-3.0325250455495527,[[0.04775516 1.        ]],-5.863123185285054,MultiTask,17,2,0.4833969396433976,True,True
518,56.54944547397057,-0.4349398208884985,-5.543209067623138,[[0.12078043 0.83670395]],-5.863123185285054,MultiTask,18,2,0.44881036419910425,True,True
519,56.65443849717639,-1.0093466132381668,-4.92136147702645,[[0.10106413 0.88968973]],-5.863123185285054,MultiTask,19,2,0.43227647178352985,True,True
520,56.770069069935424,-12.886325841136992,-1.8058141296673214,[[0.01537194 1.        ]],-5.863123185285054,MultiTask,20,2,0.4133080941957765,True,True
521,57.02035050009635,-4.7790103344529316,-3.37245024422939,[[0.05789817 1.        ]],-5.863123185285054,MultiTask,21,2,0.36917284315937926,True,True
522,57.05909997647303,-2.2263537921382968,-4.2984753507046385,[[0.08297927 0.93830736]],-5.863123185285054,MultiTask,22,2,0.36192016175058217,True,True
523,57.104386841864944,-8.094979607298374,-2.599786759572636,[[0.03576105 1.        ]],-5.863123185285054,MultiTask,23,2,0.3532874825849712,True,True
524,57.340118319501116,-1.6068972975847693,-4.582565156050569,[[0.0910326  0.91651752]],-5.863123185285054,MultiTask,24,2,0.3053514617183551,True,True
525,57.38621849104872,-0.4251167729897958,-5.733665377553906,[[0.12710428 0.81909619]],-5.863123185285054,MultiTask,25,2,0.29532520372578347,False,False
526,57.388834708802094,-15.280645574828487,-1.4692151590411016,[[0.00706656 1.        ]],-5.863123185285054,MultiTask,26,2,0.2947492057421064,True,True
527,57.55461273614984,-17.056161513392937,-1.2373392048200216,[[0.00139133 1.        ]],-5.863123185285054,MultiTask,27,2,0.2565989390122046,True,True
528,57.66833434887951,-5.576808677078542,-3.1478029150318574,[[0.05111078 1.        ]],-5.863123185285054,MultiTask,28,2,0.22834501594642628,True,True
529,57.72439366159817,-8.644932995842133,-2.496917104249537,[[0.03302317 1.        ]],-5.863123185285054,MultiTask,29,2,0.21371031449606928,True,True
530,57.78211420904021,-6.530869574581611,-2.920631852657197,[[0.04456928 1.        ]],-5.863123185285054,MultiTask,30,2,0.1981082482628635,True,True
531,57.83839627844816,-2.734222997079277,-4.091409540597005,[[0.07724901 0.95354558]],-5.863123185285054,MultiTask,31,2,0.18233545359202352,True,True
532,57.88267506896625,-0.5252541990406314,-5.352680619406425,[[0.11439485 0.85289528]],-5.863123185285054,MultiTask,32,2,0.16951093452328497,True,True
533,57.90926041905523,-4.100414325431232,-3.596782818471451,[[0.0639613  0.98780019]],-5.863123185285054,MultiTask,33,2,0.1616250074293754,True,True
534,57.94869517057978,-2.477444912040836,-4.1938900968190564,[[0.08006955 0.94605742]],-5.863123185285054,MultiTask,34,2,0.14965736813012914,True,True
535,57.96181723494067,-1.211888997689119,-4.795074724863238,[[0.09718871 0.89936629]],-5.863123185285054,MultiTask,35,2,0.1456008277996979,True,True
536,57.98896101228575,-5.8079428214648745,-3.0896157749345208,[[0.04940719 1.        ]],-5.863123185285054,MultiTask,36,2,0.1370874183956764,True,True
537,58.00268389603782,-17.50829951577817,-1.1804080208620997,[[0. 1.]],-5.863123185285054,MultiTask,37,2,0.13271899566932474,False,False
538,58.03067698675724,-0.40294573846546555,-5.637063084083091,[[0.12291777 0.82491264]],-5.863123185285054,MultiTask,38,2,0.12366931719924018,False,False
539,58.03967260260609,-0.8231339511303766,-5.054028894703189,[[0.10475579 0.87701853]],-5.863123185285054,MultiTask,39,2,0.12072069335742829,True,True
540,58.066544073954034,-9.793455636345318,-2.294054727477625,[[0.02772309 1.        ]],-5.863123185285054,MultiTask,40,2,0.11179150447446301,True,True
541,58.127468367635714,-2.605174019914367,-4.142400175391605,[[0.07864586 0.9498088 ]],-5.863123185285054,MultiTask,41,2,0.09083991429622264,True,True
542,58.134113089330235,-1.460496022297331,-4.657446826432578,[[0.09317986 0.91050263]],-5.863123185285054,MultiTask,42,2,0.08849247492758161,True,True
543,58.1453230008741,-2.0673970622067497,-4.367369543203501,[[0.08491317 0.93313366]],-5.863123185285054,MultiTask,43,2,0.08450326307107957,True,True
544,58.156463362748404,-10.999276029124085,-2.095042306074679,[[0.02263032 1.        ]],-5.863123185285054,MultiTask,44,2,0.08050216348972739,True,True
545,58.217449977013615,-3.4144870541238923,-3.8364156821062907,[[0.07032259 0.97146224]],-5.863123185285054,MultiTask,45,2,0.0579203585791783,True,True
546,58.261652858014756,-5.351114320072449,-3.207131020751644,[[0.0528696 1.       ]],-5.863123185285054,MultiTask,46,2,0.040786575842819126,True,True
547,58.27535696726835,-4.609677060788333,-3.426968861889573,[[0.05952958 0.9991326 ]],-5.863123185285054,MultiTask,47,2,0.03533437562372354,True,True
548,58.284767190217025,-1.1086240195682464,-4.857318327438805,[[0.0989855  0.89404636]],-5.863123185285054,MultiTask,48,2,0.031550468846353805,True,True
549,58.29138060465798,-0.46722167256265834,-5.437259617211996,[[0.11628906 0.84227095]],-5.863123185285054,MultiTask,49,2,0.028871309943968394,False,False
550,58.2975291189443,-1.3344012609452847,-4.725359881847421,[[0.09514257 0.90499057]],-5.863123185285054,MultiTask,50,2,0.02636557312873335,True,True
551,58.30426400614953,-10.091102415523094,-2.24373039768897,[[0.02642623 1.        ]],-5.863123185285054,MultiTask,51,2,0.023604174961286195,True,True
552,58.319368239143756,-1.7574756386367572,-4.509195564730543,[[0.08893005 0.92224394]],-5.863123185285054,MultiTask,52,2,0.01734663218203935,True,True
553,58.3306532740012,-13.534316655898923,-1.7116943504614277,[[0.01303763 1.        ]],-5.863123185285054,MultiTask,53,2,0.012611786205128334,True,True
554,58.39242591832075,-3.931698006463227,-3.654431532455524,[[0.06547647 0.98387568]],-5.863123185285054,MultiTask,54,2,-0.014262476629012408,True,True
555,58.40221791626521,-0.44233283702649295,-5.487459814147239,[[0.11784615 0.83763504]],-5.863123185285054,MultiTask,55,2,-0.018679449340444125,True,True
556,58.40360545026623,-12.247096722153136,-1.901121133893842,[[0.01774814 1.        ]],-5.863123185285054,MultiTask,56,2,-0.019308987595422798,True,True
557,58.465342804122415,-3.5888372092584664,-3.774102208320393,[[0.0686527  0.97572613]],-5.863123185285054,MultiTask,57,2,-0.04828570013132596,True,True
558,58.4762928650732,-6.285264680733122,-2.9761277231728482,[[0.0461411 1.       ]],-5.863123185285054,MultiTask,58,2,-0.05363328389853033,True,True
559,58.49014432344887,-3.2416902183166307,-3.899271250443667,[[0.07200936 0.96705607]],-5.863123185285054,MultiTask,59,2,-0.060493514215121794,True,True
560,58.501101563488646,-20.255878496534866,-7.468637928661183,[[0.89927382 0.38619413]],-5.863123185285054,MultiTask,60,2,-0.06599814774266288,False,False
561,58.501101563488646,-0.7370165977029615,-5.124386918579835,[[0.10687457 0.8709372 ]],-5.863123185285054,MultiTask,61,2,-0.06599814774266288,True,True
562,58.50746970594302,-0.9142060618507326,-4.986273277993757,[[0.10278231 0.88307686]],-5.861403516282796,MultiTask,62,2,-0.06922969118643292,True,True
563,58.51391601267636,-1.8340625337956844,-4.4730951214767485,[[0.08790139 0.9250355 ]],-5.861403516282796,MultiTask,63,2,-0.07252557481155739,True,True
564,58.51670382953674,-2.9014747870014554,-4.026699858092342,[[0.07546914 0.9581    ]],-5.861403516282796,MultiTask,64,2,-0.07395872103139596,True,True
565,58.5276511191137,-4.270317352145292,-3.539463240719002,[[0.06245493 0.99160237]],-5.861403516282796,MultiTask,65,2,-0.07963264499901285,True,True
566,58.5374511414168,-4.525298159992983,-3.454706913111786,[[0.06024692 0.99726319]],-5.861403516282796,MultiTask,66,2,-0.08477560280917307,True,True
567,58.539799756493544,-0.5894367023686975,-5.267992165468164,[[0.1111908 0.8580593]],-5.861403516282796,MultiTask,67,2,-0.08601723346281602,True,True
568,58.546181226520666,-0.4149444379566791,-5.563639062439062,[[0.12019667 0.83043882]],-5.857428867836862,MultiTask,68,2,-0.08940893027531288,True,True
569,58.54764936794984,-0.49515878750351305,-5.390478975150913,[[0.11490048 0.84678121]],-5.857428867836862,MultiTask,69,2,-0.09019299715721833,True,True
570,58.54905725062463,-7.557860255843471,-2.7046528806562797,[[0.03859208 1.        ]],-5.857428867836862,MultiTask,70,2,-0.09094621452817774,True,True
571,58.606691509777406,-4.952709552866631,-3.319514615868601,[[0.05626639 1.        ]],-5.857428867836862,MultiTask,71,2,-0.12295868265924233,True,True
572,58.61612877531627,-4.015926231575404,-3.6255559871618437,[[0.06471417 0.98581737]],-5.857428867836862,MultiTask,72,2,-0.1284329173348343,True,True
573,58.61856841509719,-1.0582185783513332,-4.889104841974026,[[0.09992195 0.89139137]],-5.857428867836862,MultiTask,73,2,-0.12985936539854348,True,True
574,58.62019432501917,-13.86145772824213,-1.6650725287626693,[[0.01188526 1.        ]],-5.857428867836862,MultiTask,74,2,-0.13081263711275457,True,True
575,58.635541221935796,-0.5100037392483543,-5.36827867555327,[[0.11422721 0.84884865]],-5.857428867836862,MultiTask,75,2,-0.1399151400274573,True,True
576,58.63587978671218,-1.2726773282778279,-4.759969455107109,[[0.09614755 0.90215472]],-5.857428867836862,MultiTask,76,2,-0.14011811510121353,True,True
577,58.63804662201888,-2.351161111728749,-4.245891844518906,[[0.08151062 0.94220497]],-5.857428867836862,MultiTask,77,2,-0.14141941926511903,True,True
578,58.64468706701375,-1.5332057962151922,-4.619770963423036,[[0.09209265 0.91350735]],-5.857428867836862,MultiTask,78,2,-0.14543183177571115,True,True
579,58.64746345792432,-8.368534235797892,-2.5480939343670492,[[0.03438063 1.        ]],-5.857428867836862,MultiTask,79,2,-0.1471204863107517,True,True
580,58.66175129071432,-29.918485240435903,-7.419792382886205,[[0.38158003 0.56551944]],-5.857428867836862,MultiTask,80,2,-0.15591600578059406,False,False
581,58.66175129071432,-9.498435727051028,-2.344790634373485,[[0.02903738 1.        ]],-5.857428867836862,MultiTask,81,2,-0.15591600578059406,True,True
582,58.67685067491667,-0.7998245401782125,-5.862846116940659,[[0.12245236 0.77965403]],-5.857428867836862,MultiTask,82,2,-0.16540887155515446,False,False
583,58.67685067491667,-4.693835967074188,-3.399513776154109,[[0.05874081 1.        ]],-5.857428867836862,MultiTask,83,2,-0.16540887155515446,True,True
584,58.679189144475515,-262.8118030431853,-5.3219514832069805,[[0.02260451 0.02059774]],-5.857428867836862,MultiTask,84,2,-0.16689778395639693,False,False
585,58.679189144475515,-4.1852327101371944,-3.5680782962088538,[[0.06320214 0.98966323]],-5.857428867836862,MultiTask,85,2,-0.16689778395639693,True,True
586,58.68163145847625,-34.751966281920375,-5.892124597908572,[[0.99392719 0.57866575]],-5.857428867836862,MultiTask,86,2,-0.16845828337223193,False,False
587,58.68163145847625,-3.501470298326387,-3.8051929820594235,[[0.069478   0.97353645]],-5.857428867836862,MultiTask,87,2,-0.16845828337223193,True,True
588,58.68435928933029,-1.6817212690772791,-4.545675982391562,[[0.08995473 0.91928092]],-5.857428867836862,MultiTask,88,2,-0.1702078662899475,True,True
589,58.68715380542441,-17.50829951577817,-1.1804080208620997,[[0. 1.]],-5.857428867836862,MultiTask,89,2,-0.17200755887900054,False,False
590,58.68715380542441,-1.1598658015276868,-4.825975827091789,[[0.09805915 0.89661663]],-5.857428867836862,MultiTask,90,2,-0.17200755887900054,True,True
591,58.68878434246814,-4.355679896539654,-3.5109256487898324,[[0.06170718 0.99348229]],-5.857428867836862,MultiTask,91,2,-0.17306109444484208,True,True
592,58.6912274199491,-27.704901357105474,-6.589639937801304,[[0.26469247 0.75650097]],-5.857428867836862,MultiTask,92,2,-0.17464443405160554,False,False
593,58.6912274199491,-3.8477601757133932,-3.6834026586390003,[[0.06623764 0.98186275]],-5.857428867836862,MultiTask,93,2,-0.17464443405160554,True,True
594,58.69366725029583,-2.8175868052034785,-4.0589634959066405,[[0.07634149 0.95571643]],-5.857428867836862,MultiTask,94,2,-0.17623145127889916,True,True
595,58.696389083502226,-10.068177110003665,-10.181580654355853,[[0.99731501 0.00514908]],-5.857428867836862,MultiTask,95,2,-0.17800877127765938,False,False
596,58.696389083502226,-12.565626633724692,-1.8533116643452554,[[0.01655446 1.        ]],-5.857428867836862,MultiTask,96,2,-0.17800877127765938,True,True
597,58.71172154249325,-4.885748765581906,-3.3541667749079918,[[0.05663111 0.99119421]],-5.857428867836862,MultiTask,97,2,-0.18815886510883498,False,False
598,58.71294581799332,-0.3979098398743428,-5.681729638315714,[[0.12375682 0.81876162]],-5.857428867836862,MultiTask,98,2,-0.18897965626037905,False,False
599,58.71454859525932,-1.3970187809485903,-4.691189876809603,[[0.09413387 0.90765237]],-5.857428867836862,MultiTask,99,2,-0.19005655651622683,True,True
